,Entity,Code,Year,Deaths,LifeExpectancy,GenderInequality,GDP ,Fertility,tertiary_education
0,Afghanistan,AFG,2005,118653,58.4,0.748,3451279104.0,6.9047,3.61
1,Afghanistan,AFG,2010,101658,60.9,0.753,10313962496.0,6.0987,3.65
2,Albania,ALB,2000,1449,75.4,0.319,2400530432.0,2.231,3.51
3,Albania,ALB,2005,815,76.6,0.306,4487185408.0,1.8026,2.35
4,Albania,ALB,2010,473,77.9,0.246,7718873600.0,1.6564,0.93
5,Algeria,DZA,1990,40736,67.4,0.7,34942369792.0,4.5564,1.97
6,Algeria,DZA,1995,31664,67.5,0.675,26464544768.0,3.4563,2.53
7,Algeria,DZA,2000,24432,70.5,0.598,36212449280.0,2.5655,3.4
8,Algeria,DZA,2005,22328,72.1,0.551,56758816768.0,2.5546,3.78
9,Algeria,DZA,2010,23336,73.8,0.519,104329961472.0,2.8434,6.66
10,Argentina,ARG,1990,20549,71.8,0.442,79606398976.0,3.0342,5.77
11,Argentina,ARG,1995,17498,73.1,0.426,163506454528.0,2.8638,4.32
12,Argentina,ARG,2000,14067,73.9,0.413,187839070208.0,2.5906,3.1
13,Argentina,ARG,2005,11983,75.1,0.373,121447137280.0,2.4259,3.09
14,Argentina,ARG,2010,10683,75.7,0.364,298763878400.0,2.3462,2.87
15,Armenia,ARM,1990,3746,68.8,0.47,1270999808.0,2.7128,10.04
16,Armenia,ARM,1995,2182,69.3,0.469,930425728.0,2.0551,10.47
17,Armenia,ARM,2000,1238,70.6,0.453,1263411712.0,1.6029,10.08
18,Armenia,ARM,2005,985,71.8,0.386,2695248384.0,1.54,11.51
19,Armenia,ARM,2010,807,73.2,0.346,5993061888.0,1.501,15.03
20,Australia,AUS,1990,2307,77.0,0.185,175122694144.0,1.9017,13.9
21,Australia,AUS,1995,1790,78.3,0.176,233157640192.0,1.8312,15.87
22,Australia,AUS,2000,1530,79.6,0.151,274254610432.0,1.7701,13.15
23,Australia,AUS,2005,1510,81.1,0.135,381190144000.0,1.8441,15.63
24,Australia,AUS,2010,1419,82.1,0.136,739240574976.0,1.9501,18.52
25,Austria,AUT,1990,840,75.7,0.202,93522509824.0,1.4596,2.97
26,Austria,AUT,1995,604,76.8,0.17,152370298880.0,1.4354,5.21
27,Austria,AUT,2000,449,78.2,0.149,129821196288.0,1.3583,7.06
28,Austria,AUT,2005,380,79.5,0.121,173056311296.0,1.4073,8.27
29,Austria,AUT,2010,338,80.5,0.111,252551954432.0,1.4352,9.37
30,Bahrain,BHR,2005,177,76.9,0.34,8782768128.0,2.6194,8.8
31,Bahrain,BHR,2010,164,78.7,0.252,16641089536.0,2.0528,7.76
32,Bangladesh,BGD,1990,521088,56.0,0.73,17795459072.0,4.4794,1.44
33,Bangladesh,BGD,1995,404817,59.5,0.708,24041205760.0,3.6051,1.97
34,Bangladesh,BGD,2000,300051,65.8,0.689,35273744384.0,3.2178,1.98
35,Bangladesh,BGD,2005,216274,67.3,0.644,38193479680.0,2.8082,2.11
36,Bangladesh,BGD,2010,154269,68.6,0.607,74606198784.0,2.3395,2.28
37,Barbados,BRB,1990,76,72.8,0.407,1133186048.0,1.7399,2.07
38,Barbados,BRB,1995,60,73.3,0.391,1433495296.0,1.727,1.56
39,Barbados,BRB,2000,57,74.1,0.361,2063096064.0,1.7747,0.66
40,Barbados,BRB,2005,57,74.9,0.342,2143617152.0,1.7883,1.53
41,Barbados,BRB,2010,50,75.7,0.32,2877034240.0,1.6872,2.07
42,Belgium,BEL,1990,1194,76.1,0.18,116257210368.0,1.6214,12.98
43,Belgium,BEL,1995,905,76.8,0.159,183489724416.0,1.5632,14.51
44,Belgium,BEL,2000,663,77.8,0.134,157238738944.0,1.664,14.95
45,Belgium,BEL,2005,584,79.1,0.103,213050523648.0,1.7598,15.82
46,Belgium,BEL,2010,560,80.0,0.092,312961204224.0,1.8577,17.69
47,Belize,BLZ,1990,253,70.7,0.548,232620240.0,4.6984,3.4
48,Belize,BLZ,1995,198,69.9,0.547,392963136.0,3.9482,3.43
49,Belize,BLZ,2000,171,68.6,0.511,549942464.0,3.6339,3.33
50,Belize,BLZ,2005,157,69.4,0.49,612809280.0,3.1286,3.2
51,Belize,BLZ,2010,142,72.3,0.455,904182528.0,2.6056,3.18
52,Benin,BEN,1990,37835,53.3,0.694,1103807360.0,6.7315,0.52
53,Benin,BEN,1995,38265,55.3,0.68,1374823296.0,6.3139,0.81
54,Benin,BEN,2000,38303,56.6,0.673,1698055040.0,5.8904,1.01
55,Benin,BEN,2005,37952,57.1,0.654,2642026752.0,5.676,1.36
56,Benin,BEN,2010,38007,58.4,0.619,4510993920.0,5.3897,2.01
57,Bolivia,BOL,2000,19063,62.3,0.589,5550440448.0,3.9906,5.27
58,Bolivia,BOL,2005,14229,64.4,0.545,5251973632.0,3.5584,7.25
59,Bolivia,BOL,2010,10426,66.2,0.486,12716829696.0,3.2132,8.43
60,Botswana,BWA,1990,2160,60.5,0.589,2134799232.0,4.4865,1.52
61,Botswana,BWA,1995,2965,55.1,0.561,2997636864.0,3.803,1.9
62,Botswana,BWA,2000,3786,51.0,0.517,3825686272.0,3.3115,1.73
63,Botswana,BWA,2005,3373,52.6,0.521,5462104064.0,3.0795,1.79
64,Botswana,BWA,2010,2781,60.0,0.511,8275259392.0,3.023,2.02
65,Brazil,BRA,1990,233805,66.0,0.552,260160618496.0,2.9047,3.03
66,Brazil,BRA,1995,173777,67.9,0.533,497837146112.0,2.5786,3.72
67,Brazil,BRA,2000,122391,69.7,0.507,433188143104.0,2.2545,3.7
68,Brazil,BRA,2005,80324,71.8,0.471,490394714112.0,1.9737,3.73
69,Brazil,BRA,2010,56169,73.2,0.45,1429535719424.0,1.8102,5.63
70,Bulgaria,BGR,1990,2005,71.4,0.368,11672576000.0,1.8099,8.11
71,Bulgaria,BGR,1995,1588,71.0,0.342,8277873152.0,1.2401,9.25
72,Bulgaria,BGR,2000,1162,71.6,0.322,8689986560.0,1.2608,9.79
73,Bulgaria,BGR,2005,937,72.6,0.248,16401854464.0,1.3657,11.76
74,Bulgaria,BGR,2010,798,73.8,0.24,32319582208.0,1.5711,13.07
75,Burundi,BDI,2000,41890,47.5,0.616,1150662400.0,6.8715,0.24
76,Burundi,BDI,2005,37617,53.0,0.562,1228978432.0,6.7076,0.34
77,Burundi,BDI,2010,32252,57.1,0.54,2623488256.0,6.2599,0.54
78,Cambodia,KHM,1990,44256,55.4,0.679,806497664.0,5.6444,0.19
79,Cambodia,KHM,1995,43529,56.3,0.654,2180581888.0,4.8244,0.24
80,Cambodia,KHM,2000,36145,58.6,0.602,2415062784.0,3.7719,0.23
81,Cambodia,KHM,2005,22051,64.3,0.571,3461162752.0,3.244,0.79
82,Cambodia,KHM,2010,15831,67.7,0.51,7275764224.0,2.7736,1.32
83,Cameroon,CMR,1990,69020,54.9,0.704,6280312832.0,6.3917,0.45
84,Cameroon,CMR,1995,82112,53.2,0.702,5533968896.0,5.9555,0.64
85,Cameroon,CMR,2000,88919,52.9,0.693,6138309120.0,5.5295,0.8
86,Cameroon,CMR,2005,88539,54.4,0.656,9123289088.0,5.4074,1.15
87,Cameroon,CMR,2010,85217,56.6,0.627,15287975936.0,5.1601,1.64
88,Canada,CAN,1990,3152,77.4,0.193,334487453696.0,1.8086,9.93
89,Canada,CAN,1995,2591,78.0,0.182,382755504128.0,1.6776,11.54
90,Canada,CAN,2000,2097,79.2,0.15,490604724224.0,1.4937,13.89
91,Canada,CAN,2005,2088,80.1,0.133,643144482816.0,1.5433,20.47
92,Canada,CAN,2010,2148,81.3,0.133,1044162609152.0,1.6296,22.67
93,Central African Republic,CAF,1990,20238,49.6,0.751,811375552.0,6.0447,0.87
94,Central African Republic,CAF,1995,22231,47.4,0.743,706786752.0,5.9716,0.81
95,Central African Republic,CAF,2000,24318,45.4,0.71,604421568.0,5.9149,0.83
96,Central African Republic,CAF,2005,25553,46.4,0.694,742662848.0,5.8493,0.82
97,Central African Republic,CAF,2010,24073,49.3,0.701,1285307136.0,5.9365,0.83
98,Chile,CHL,1990,5598,72.6,0.512,17773262848.0,2.5787,6.23
99,Chile,CHL,1995,3765,74.6,0.483,45211705344.0,2.3027,7.54
100,Chile,CHL,2000,2813,76.9,0.429,52430757888.0,1.987,8.33
101,Chile,CHL,2005,2218,78.0,0.37,68422029312.0,1.8035,7.43
102,Chile,CHL,2010,2160,78.5,0.339,140786204672.0,1.8441,5.92
103,China,CHN,2000,651151,71.9,0.275,796594143232.0,1.6281,2.75
104,China,CHN,2005,409142,74.1,0.26,1247724830720.0,1.6238,2.73
105,China,CHN,2010,273880,75.6,0.253,3908740055040.0,1.6865,2.71
106,Colombia,COL,1990,31598,68.6,0.529,22681503744.0,3.0816,7.37
107,Colombia,COL,1995,27190,69.9,0.515,58618900480.0,2.8621,8.61
108,Colombia,COL,2000,22196,71.3,0.497,66018136064.0,2.5723,8.66
109,Colombia,COL,2005,17862,73.1,0.488,80611147776.0,2.2634,6.6
110,Colombia,COL,2010,14020,75.0,0.464,185752141824.0,1.9918,18.55
111,Congo,COG,2000,13114,53.7,0.62,2128138752.0,4.7639,0.96
112,Congo,COG,2005,11520,58.1,0.623,3347839232.0,4.6627,0.79
113,Congo,COG,2010,9464,61.7,0.615,7771248128.0,4.8222,0.64
114,Costa Rica,CRI,1990,1431,76.6,0.478,4169456896.0,3.2049,9.71
115,Costa Rica,CRI,1995,1238,76.6,0.464,7428082176.0,2.8044,11.94
116,Costa Rica,CRI,2000,1012,77.6,0.427,10539498496.0,2.412,12.39
117,Costa Rica,CRI,2005,818,78.5,0.348,10980669440.0,2.0437,12.56
118,Costa Rica,CRI,2010,754,78.7,0.333,23491514368.0,1.9276,14.69
119,Cote d'Ivoire,CIV,1990,75428,52.6,0.696,6079974912.0,6.7299,0.85
120,Cote d'Ivoire,CIV,1995,87222,51.6,0.684,6970441216.0,6.0893,1.63
121,Cote d'Ivoire,CIV,2000,92603,50.8,0.678,7083212288.0,5.8141,2.08
122,Cote d'Ivoire,CIV,2005,88010,51.8,0.669,9396676608.0,5.4596,2.11
123,Cote d'Ivoire,CIV,2010,79512,55.0,0.66,16104728576.0,5.088,2.13
124,Croatia,HRV,1995,494,73.2,0.286,14186281984.0,1.6271,4.53
125,Croatia,HRV,2000,381,74.6,0.191,14391292928.0,1.4655,6.29
126,Croatia,HRV,2005,284,75.4,0.158,24978749440.0,1.4968,8.73
127,Croatia,HRV,2010,235,76.8,0.136,38624047104.0,1.5456,11.04
128,Cuba,CUB,1990,2386,74.0,0.439,16132451328.0,1.8041,4.4
129,Cuba,CUB,1995,1713,74.6,0.421,19281655808.0,1.4712,5.28
130,Cuba,CUB,2000,1303,76.2,0.369,20201488384.0,1.5808,5.59
131,Cuba,CUB,2005,977,77.0,0.328,23454224384.0,1.4684,8.32
132,Cuba,CUB,2010,800,77.7,0.333,41631862784.0,1.6925,13.32
133,Cyprus,CYP,1990,164,73.5,0.361,3148795904.0,2.4055,11.57
134,Cyprus,CYP,1995,128,75.1,0.316,6282732544.0,2.0326,14.6
135,Cyprus,CYP,2000,82,76.6,0.239,6562802176.0,1.6368,15.89
136,Cyprus,CYP,2005,54,78.1,0.142,10048467968.0,1.4798,14.51
137,Cyprus,CYP,2010,43,79.7,0.13,16339603456.0,1.438,20.75
138,Czechia,CZE,1990,1552,71.4,0.29,22704957440.0,1.8967,5.94
139,Czechia,CZE,1995,921,73.2,0.229,37726765056.0,1.2802,5.47
140,Czechia,CZE,2000,488,75.0,0.176,40630247424.0,1.1553,5.11
141,Czechia,CZE,2005,436,76.2,0.152,74794344448.0,1.2986,5.38
142,Czechia,CZE,2010,378,77.6,0.139,133976317952.0,1.5091,7.59
143,Democratic Republic of Congo,COD,2005,325913,53.9,0.65,6580442624.0,6.5967,0.5
144,Democratic Republic of Congo,COD,2010,316388,56.4,0.656,13282238464.0,6.5868,0.46
145,Denmark,DNK,1990,544,74.9,0.09,77771849728.0,1.6656,8.48
146,Denmark,DNK,1995,436,75.3,0.093,117232992256.0,1.8007,10.37
147,Denmark,DNK,2000,376,76.8,0.075,108497641472.0,1.7661,12.31
148,Denmark,DNK,2005,323,78.2,0.055,145507205120.0,1.7996,14.53
149,Denmark,DNK,2010,255,79.2,0.049,206974959616.0,1.8602,14.98
150,Dominican Republic,DOM,1990,12404,67.1,0.58,3983730944.0,3.4109,2.01
151,Dominican Republic,DOM,1995,10157,69.0,0.557,10365855744.0,3.1009,2.38
152,Dominican Republic,DOM,2000,8370,69.4,0.504,15859766272.0,2.8587,2.78
153,Dominican Republic,DOM,2005,7542,70.9,0.494,18702176256.0,2.6046,2.55
154,Dominican Republic,DOM,2010,7259,72.1,0.491,34859962368.0,2.5385,2.06
155,Ecuador,ECU,1990,16301,69.3,0.61,8582411264.0,3.7444,5.83
156,Ecuador,ECU,1995,12830,71.0,0.594,15482336256.0,3.4026,6.23
157,Ecuador,ECU,2000,9499,72.8,0.505,12113387520.0,3.1019,6.98
158,Ecuador,ECU,2005,7461,74.5,0.479,22828814336.0,2.7998,6.16
159,Ecuador,ECU,2010,6082,75.4,0.432,45014769664.0,2.6148,5.19
160,Egypt,EGY,1990,158470,64.1,0.665,24290058240.0,4.484,1.87
161,Egypt,EGY,1995,114805,66.3,0.635,38120988672.0,3.8444,2.18
162,Egypt,EGY,2000,82509,68.0,0.617,65986387968.0,3.4424,4.19
163,Egypt,EGY,2005,65789,68.8,0.575,49326968832.0,3.1507,5.29
164,Egypt,EGY,2010,62544,69.7,0.557,141659930624.0,3.2127,6.65
165,El Salvador,SLV,1990,9826,62.6,0.54,2703756544.0,3.9468,4.4
166,El Salvador,SLV,1995,7314,66.3,0.527,6020163072.0,3.5769,5.65
167,El Salvador,SLV,2000,4958,69.9,0.529,8680733696.0,3.1397,6.54
168,El Salvador,SLV,2005,3293,70.4,0.494,9401555968.0,2.4553,6.39
169,El Salvador,SLV,2010,2370,71.8,0.424,13861473280.0,2.2394,3.92
170,Estonia,EST,1995,240,68.7,0.374,2771447552.0,1.379,11.41
171,Estonia,EST,2000,140,71.3,0.279,3757903872.0,1.3491,15.0
172,Estonia,EST,2005,101,73.2,0.225,7703323136.0,1.517,16.58
173,Estonia,EST,2010,69,75.7,0.166,12616536064.0,1.7135,18.87
174,Eswatini,SWZ,1990,2127,63.1,0.627,627770112.0,5.2502,1.62
175,Eswatini,SWZ,1995,2697,56.1,0.616,1076590848.0,4.4867,1.35
176,Eswatini,SWZ,2000,3606,47.3,0.63,1007586880.0,3.9957,0.94
177,Eswatini,SWZ,2005,3889,42.1,0.587,1421243904.0,3.6819,0.02
178,Eswatini,SWZ,2010,2772,46.6,0.552,2283102976.0,3.3561,1.64
179,Fiji,FJI,1990,618,65.5,0.526,752981568.0,3.4143,3.65
180,Fiji,FJI,1995,510,66.3,0.495,1248546304.0,3.2674,4.82
181,Fiji,FJI,2000,449,66.3,0.412,1113080320.0,3.0264,5.75
182,Fiji,FJI,2005,445,66.6,0.435,1653692800.0,2.8849,6.37
183,Fiji,FJI,2010,448,67.3,0.401,2032471424.0,2.7465,7.03
184,Finland,FIN,1990,427,75.0,0.108,79699484672.0,1.7785,5.67
185,Finland,FIN,1995,327,76.6,0.092,85037834240.0,1.8066,9.49
186,Finland,FIN,2000,249,77.7,0.084,82973204480.0,1.7281,10.88
187,Finland,FIN,2005,217,79.0,0.083,112439394304.0,1.7976,11.7
188,Finland,FIN,2010,180,80.0,0.07,160380387328.0,1.8638,12.35
189,France,FRA,1990,6770,76.8,0.229,718219902976.0,1.7817,5.81
190,France,FRA,1995,4756,77.9,0.197,1020137177088.0,1.7085,7.2
191,France,FRA,2000,4039,79.0,0.195,904443330560.0,1.8762,8.44
192,France,FRA,2005,3603,80.3,0.157,1212018851840.0,1.9159,8.71
193,France,FRA,2010,3352,81.4,0.129,1713079320576.0,2.0176,10.6
194,Gabon,GAB,1990,3176,60.3,0.643,3352195072.0,5.4587,4.1
195,Gabon,GAB,1995,3300,60.7,0.639,3142262016.0,4.8843,5.06
196,Gabon,GAB,2000,3317,61.1,0.625,3349509120.0,4.4692,5.54
197,Gabon,GAB,2005,3232,62.0,0.605,5202367488.0,4.2097,5.73
198,Gabon,GAB,2010,3189,63.9,0.576,9292574720.0,4.1532,6.3
199,Gambia,GMB,1990,6831,51.3,0.777,178574048.0,6.2178,0.77
200,Gambia,GMB,1995,6697,55.5,0.77,498061152.0,6.0081,1.01
201,Gambia,GMB,2000,6125,56.9,0.753,517453056.0,5.8013,1.02
202,Gambia,GMB,2005,5596,58.4,0.653,343294848.0,5.7191,0.94
203,Gambia,GMB,2010,5177,60.7,0.659,616392064.0,5.6686,0.91
204,Germany,DEU,1995,5103,76.6,0.14,1642226778112.0,1.2495,9.32
205,Germany,DEU,2000,4053,78.1,0.133,1288784969728.0,1.38,10.48
206,Germany,DEU,2005,3314,79.3,0.108,1573769838592.0,1.3408,10.89
207,Germany,DEU,2010,2822,80.1,0.096,2211603546112.0,1.3921,13.14
208,Ghana,GHA,1990,72685,55.6,0.646,3316647936.0,5.7119,1.14
209,Ghana,GHA,1995,71055,56.6,0.625,4096750848.0,5.067,1.39
210,Ghana,GHA,2000,66852,58.2,0.604,3293435392.0,4.8545,1.84
211,Ghana,GHA,2005,59481,59.8,0.573,5902376960.0,4.538,1.66
212,Ghana,GHA,2010,53884,61.2,0.573,20822837248.0,4.2064,1.44
213,Greece,GRC,1990,1127,77.3,0.299,55130009600.0,1.486,11.33
214,Greece,GRC,1995,903,77.8,0.262,86735437824.0,1.3908,12.76
215,Greece,GRC,2000,685,78.4,0.205,86009487360.0,1.3282,12.22
216,Greece,GRC,2005,506,79.6,0.178,136280145920.0,1.3495,19.3
217,Greece,GRC,2010,422,80.5,0.152,193752055808.0,1.4449,22.5
218,Guatemala,GTM,1990,28323,62.5,0.592,4308375040.0,5.4803,1.53
219,Guatemala,GTM,1995,24696,64.2,0.577,9287619584.0,5.1051,1.69
220,Guatemala,GTM,2000,21218,67.4,0.584,12749732864.0,4.5825,1.74
221,Guatemala,GTM,2005,17537,69.2,0.576,14966202368.0,3.9743,1.54
222,Guatemala,GTM,2010,14055,70.9,0.549,26753091584.0,3.3752,0.0
223,Guyana,GUY,2000,909,64.5,0.561,471024320.0,3.0169,0.06
224,Guyana,GUY,2005,714,65.1,0.526,453682656.0,2.8398,0.15
225,Guyana,GUY,2010,597,66.7,0.496,1462163968.0,2.6552,0.24
226,Haiti,HTI,2005,24085,60.4,0.593,2370688256.0,3.8331,0.6
227,Haiti,HTI,2010,57754,46.0,0.625,4285969664.0,3.4697,0.67
228,Honduras,HND,2000,8139,68.7,0.534,4696273920.0,4.237,2.39
229,Honduras,HND,2005,6367,70.1,0.47,5319600128.0,3.5453,2.46
230,Honduras,HND,2010,4874,71.1,0.469,10250891264.0,2.957,1.93
231,Hungary,HUN,1990,2146,69.4,0.339,18616068096.0,1.8635,7.48
232,Hungary,HUN,1995,1415,70.0,0.314,29274834944.0,1.5664,8.52
233,Hungary,HUN,2000,988,71.8,0.291,31176030208.0,1.316,9.36
234,Hungary,HUN,2005,718,72.9,0.262,61891772416.0,1.3066,12.57
235,Hungary,HUN,2010,559,74.5,0.24,84193943552.0,1.2543,15.38
236,Iceland,ISL,1990,28,78.2,0.187,3672783872.0,2.2939,6.94
237,Iceland,ISL,1995,23,78.2,0.157,4550868992.0,2.0835,8.54
238,Iceland,ISL,2000,17,79.9,0.141,5898634240.0,2.0705,10.71
239,Iceland,ISL,2005,14,81.2,0.107,9212086272.0,2.045,14.08
240,Iceland,ISL,2010,12,81.7,0.093,8566635520.0,2.1904,17.89
241,India,IND,1990,3418076,58.7,0.71,183938121728.0,4.0446,2.23
242,India,IND,1995,2993896,60.6,0.701,232302804992.0,3.6511,3.36
243,India,IND,2000,2529252,62.7,0.664,315005763584.0,3.3498,4.01
244,India,IND,2005,2047439,65.0,0.618,458816389120.0,2.9584,4.38
245,India,IND,2010,1525847,66.9,0.582,1105678696448.0,2.603,4.85
246,Indonesia,IDN,1990,393314,63.2,0.6,64442368000.0,3.0981,0.98
247,Indonesia,IDN,1995,298226,65.2,0.571,128084598784.0,2.7983,1.15
248,Indonesia,IDN,2000,236750,66.4,0.57,109067501568.0,2.536,1.21
249,Indonesia,IDN,2005,202096,67.6,0.544,157227171840.0,2.4329,2.67
250,Indonesia,IDN,2010,169104,68.7,0.499,488681078784.0,2.452,3.73
251,Iran,IRN,1990,105884,64.4,0.708,70291963904.0,4.8628,4.13
252,Iran,IRN,1995,65304,67.8,0.642,61097779200.0,2.8854,6.36
253,Iran,IRN,2000,42629,69.7,0.583,72432558080.0,2.0164,8.0
254,Iran,IRN,2005,31528,71.8,0.513,120914837504.0,1.775,9.74
255,Iran,IRN,2010,25398,73.1,0.525,302744010752.0,1.7677,14.66
256,Iraq,IRQ,1990,34872,58.4,0.721,27402739712.0,5.8844,3.8
257,Iraq,IRQ,2005,35737,64.8,0.665,27475089408.0,4.4747,6.75
258,Iraq,IRQ,2010,34512,67.1,0.574,89645113344.0,4.4292,8.77
259,Ireland,IRL,1990,492,74.8,0.211,27798994944.0,2.1065,10.61
260,Ireland,IRL,1995,363,75.5,0.191,43860914176.0,1.8454,14.07
261,Ireland,IRL,2000,386,76.5,0.202,65983361024.0,1.8933,16.37
262,Ireland,IRL,2005,332,78.9,0.182,116263354368.0,1.8665,20.47
263,Ireland,IRL,2010,299,80.5,0.163,142428635136.0,2.0562,26.8
264,Israel,ISR,1990,1137,77.2,0.27,29561344000.0,3.1792,14.2
265,Israel,ISR,1995,939,77.6,0.242,63347019776.0,2.9389,16.27
266,Israel,ISR,2000,849,78.9,0.193,87505076224.0,2.9464,18.34
267,Israel,ISR,2005,760,80.2,0.168,78560354304.0,2.8417,18.8
268,Israel,ISR,2010,696,81.7,0.145,151648108544.0,3.0268,20.26
269,Italy,ITA,1990,5422,77.0,0.212,663043112960.0,1.3321,3.53
270,Italy,ITA,1995,4038,78.1,0.195,741890523136.0,1.1924,4.5
271,Italy,ITA,2000,2963,79.6,0.186,754624626688.0,1.2542,4.99
272,Italy,ITA,2005,2500,81.0,0.175,1018960347136.0,1.3426,5.6
273,Italy,ITA,2010,2226,82.1,0.123,1375374934016.0,1.4503,6.84
274,Jamaica,JAM,1990,1875,72.3,0.471,2586226176.0,2.8543,1.73
275,Jamaica,JAM,1995,1558,71.5,0.465,3662148096.0,2.8808,4.4
276,Jamaica,JAM,2000,1270,70.9,0.434,5901700608.0,2.2105,7.09
277,Jamaica,JAM,2005,1053,71.0,0.436,6162405888.0,2.063,7.7
278,Jamaica,JAM,2010,904,72.6,0.417,8536623104.0,1.7422,8.37
279,Japan,JPN,1990,8358,79.0,0.162,1747931365376.0,1.5249,12.48
280,Japan,JPN,1995,6938,79.7,0.159,3379938197504.0,1.4242,14.28
281,Japan,JPN,2000,5293,81.2,0.147,3126995714048.0,1.3668,16.15
282,Japan,JPN,2005,4237,82.0,0.142,2514517753856.0,1.2735,17.88
283,Japan,JPN,2010,3555,82.9,0.114,3558654869504.0,1.3878,18.91
284,Jordan,JOR,1990,4466,69.9,0.671,2342776320.0,5.4782,3.48
285,Jordan,JOR,1995,4509,70.9,0.642,4262967552.0,4.6619,3.62
286,Jordan,JOR,2000,4292,71.9,0.593,5590104064.0,3.9213,3.74
287,Jordan,JOR,2005,4098,72.9,0.519,6923740160.0,3.779,3.98
288,Jordan,JOR,2010,4109,74.0,0.482,17101949952.0,3.7776,3.8
289,Kazakhstan,KAZ,1990,20024,64.9,0.427,15167893504.0,2.8305,5.84
290,Kazakhstan,KAZ,1995,15746,63.7,0.439,12910545920.0,2.2715,7.3
291,Kazakhstan,KAZ,2000,10129,64.2,0.377,12089743360.0,1.9467,8.42
292,Kazakhstan,KAZ,2005,8665,65.1,0.349,31417905152.0,2.2434,13.48
293,Kazakhstan,KAZ,2010,7294,68.1,0.278,95813132288.0,2.5897,14.03
294,Kenya,KEN,1990,100047,58.6,0.716,4827755520.0,6.1294,1.29
295,Kenya,KEN,1995,118731,55.6,0.704,5732367360.0,5.3664,1.74
296,Kenya,KEN,2000,120666,54.4,0.69,8397364224.0,5.1369,2.26
297,Kenya,KEN,2005,104029,57.3,0.647,10305804288.0,4.7842,2.84
298,Kenya,KEN,2010,83648,60.6,0.595,25886941184.0,4.3667,3.4
299,Kuwait,KWT,1990,764,73.3,0.591,10378100736.0,3.318,6.1
300,Kuwait,KWT,1995,550,75.5,0.597,17230503936.0,3.0457,6.3
301,Kuwait,KWT,2000,542,76.7,0.56,24924940288.0,2.7368,5.39
302,Kuwait,KWT,2005,552,76.9,0.36,44438704128.0,2.6616,4.18
303,Kuwait,KWT,2010,595,78.0,0.225,74696785920.0,2.2566,4.28
304,Kyrgyzstan,KGZ,1990,8879,64.3,0.493,1505935232.0,3.8029,6.63
305,Kyrgyzstan,KGZ,1995,7794,63.9,0.518,1052534272.0,3.3221,6.61
306,Kyrgyzstan,KGZ,2000,5341,65.4,0.451,905271808.0,2.6172,6.81
307,Kyrgyzstan,KGZ,2005,4218,66.4,0.669,1353130752.0,2.6577,7.56
308,Kyrgyzstan,KGZ,2010,4119,68.3,0.378,3102807808.0,3.0624,9.0
309,Laos,LAO,2000,18398,58.4,0.587,1144202496.0,4.4,2.0
310,Laos,LAO,2005,14314,61.0,0.554,1504551808.0,3.6726,2.51
311,Laos,LAO,2010,11358,64.0,0.524,4647677952.0,3.1451,3.3
312,Latvia,LVA,1995,510,67.0,0.392,3665793024.0,1.2742,8.36
313,Latvia,LVA,2000,278,70.3,0.275,5244335616.0,1.2423,7.73
314,Latvia,LVA,2005,225,70.8,0.25,9296753664.0,1.3831,9.76
315,Latvia,LVA,2010,173,73.0,0.231,15366171648.0,1.3702,12.42
316,Lesotho,LSO,1990,4984,59.4,0.589,306696704.0,4.7593,0.39
317,Lesotho,LSO,1995,5537,56.7,0.583,544376896.0,4.1433,0.54
318,Lesotho,LSO,2000,6530,48.4,0.585,509750752.0,3.658,0.62
319,Lesotho,LSO,2005,7113,43.2,0.576,752591104.0,3.4381,0.64
320,Lesotho,LSO,2010,5606,45.6,0.558,1415693056.0,3.2491,0.76
321,Liberia,LBR,2000,20710,51.4,0.685,349675200.0,5.8748,2.35
322,Liberia,LBR,2005,16430,56.9,0.668,302498880.0,5.5192,2.41
323,Liberia,LBR,2010,13873,59.4,0.657,836606400.0,5.0583,1.9
324,Libya,LBY,2005,2816,71.6,0.325,26033686528.0,2.7648,8.27
325,Libya,LBY,2010,2211,72.4,0.28,48391806976.0,2.6027,11.89
326,Lithuania,LTU,1995,690,69.3,0.318,4987463168.0,1.5483,7.75
327,Lithuania,LTU,2000,375,72.1,0.263,7626622464.0,1.386,8.58
328,Lithuania,LTU,2005,276,71.7,0.191,14369014784.0,1.2942,13.51
329,Lithuania,LTU,2010,190,73.4,0.149,24031414272.0,1.5031,15.6
330,Luxembourg,LUX,1990,41,75.6,0.213,7524668928.0,1.5977,7.03
331,Luxembourg,LUX,1995,34,76.7,0.179,13816084480.0,1.7131,8.3
332,Luxembourg,LUX,2000,25,77.8,0.17,14127627264.0,1.7565,9.35
333,Luxembourg,LUX,2005,18,79.4,0.133,20337475584.0,1.631,13.29
334,Luxembourg,LUX,2010,16,80.6,0.109,33880893440.0,1.6199,18.54
335,Malawi,MWI,1990,101248,43.3,0.718,1059214336.0,6.8091,0.23
336,Malawi,MWI,1995,91529,43.6,0.708,885521920.0,6.416,0.25
337,Malawi,MWI,2000,81317,44.5,0.681,1152337408.0,6.0357,0.21
338,Malawi,MWI,2005,57490,52.0,0.651,2010733824.0,5.9099,0.18
339,Malawi,MWI,2010,48186,56.4,0.597,4504142848.0,5.2738,0.15
340,Malaysia,MYS,1990,8283,71.3,0.372,24793403392.0,3.3744,2.32
341,Malaysia,MYS,1995,7129,72.4,0.347,56209481728.0,3.3218,2.89
342,Malaysia,MYS,2000,5250,72.8,0.289,61988540416.0,2.9144,3.18
343,Malaysia,MYS,2005,3868,74.1,0.284,78943461376.0,2.328,4.45
344,Malaysia,MYS,2010,3877,74.4,0.28,165041602560.0,2.1436,5.81
345,Maldives,MDV,1990,782,63.6,0.713,121133184.0,6.0889,0.26
346,Maldives,MDV,1995,495,67.5,0.62,252826544.0,4.3201,0.25
347,Maldives,MDV,2000,243,70.9,0.499,412643776.0,2.7097,0.16
348,Maldives,MDV,2005,131,74.8,0.386,615891328.0,2.235,0.26
349,Maldives,MDV,2010,99,77.7,0.406,1503656832.0,2.3176,0.25
350,Mali,MLI,1990,91598,46.6,0.674,1510391168.0,7.2532,0.27
351,Mali,MLI,1995,93984,47.8,0.671,1714975104.0,6.989,0.33
352,Mali,MLI,2000,94833,50.5,0.67,1952475904.0,6.874,0.5
353,Mali,MLI,2005,91774,54.0,0.665,3434755072.0,6.7156,0.68
354,Mali,MLI,2010,87031,56.4,0.666,6911062528.0,6.5788,0.78
355,Malta,MLT,1990,61,76.0,0.318,1434597760.0,2.0404,5.39
356,Malta,MLT,1995,48,77.1,0.303,2281004032.0,1.786,6.5
357,Malta,MLT,2000,35,77.6,0.299,2615580160.0,1.6736,7.4
358,Malta,MLT,2005,27,79.6,0.285,3294844416.0,1.377,7.58
359,Malta,MLT,2010,26,81.8,0.264,5283151872.0,1.3729,10.52
360,Mauritania,MRT,1990,9289,59.8,0.808,574215680.0,6.056,0.64
361,Mauritania,MRT,1995,9835,60.3,0.799,896828288.0,5.8509,0.93
362,Mauritania,MRT,2000,10880,61.0,0.744,855016128.0,5.4593,1.17
363,Mauritania,MRT,2005,11731,61.7,0.725,1201440256.0,5.1902,1.11
364,Mauritania,MRT,2010,11733,63.1,0.657,2807327488.0,5.0427,0.97
365,Mauritius,MUS,1990,505,69.4,0.515,1494382336.0,2.2945,0.63
366,Mauritius,MUS,1995,485,70.5,0.485,2560235520.0,2.1345,0.83
367,Mauritius,MUS,2000,381,71.6,0.486,3028757504.0,1.9754,0.89
368,Mauritius,MUS,2005,286,72.7,0.394,3456075008.0,1.8826,1.6
369,Mauritius,MUS,2010,224,74.0,0.386,6289437184.0,1.5539,1.88
370,Mexico,MEX,1990,109134,70.0,0.505,147952107520.0,3.4496,3.87
371,Mexico,MEX,1995,85661,71.6,0.479,217850478592.0,3.0376,5.12
372,Mexico,MEX,2000,66873,73.6,0.46,451844112384.0,2.7162,6.84
373,Mexico,MEX,2005,53034,74.4,0.426,476488826880.0,2.4947,8.41
374,Mexico,MEX,2010,43803,74.2,0.408,680268398592.0,2.3402,9.81
375,Moldova,MDA,1990,2802,68.1,0.46,2023413888.0,2.3876,5.94
376,Moldova,MDA,1995,2482,65.1,0.486,1110804736.0,1.8307,6.17
377,Moldova,MDA,2000,1573,66.4,0.396,851556864.0,1.4988,6.68
378,Moldova,MDA,2005,860,68.2,0.287,1643580160.0,1.5308,6.57
379,Moldova,MDA,2010,771,69.4,0.284,3761148160.0,1.6978,8.76
380,Mongolia,MNG,1990,7562,58.8,0.491,1442175616.0,4.2324,8.08
381,Mongolia,MNG,1995,4997,60.6,0.49,920190464.0,2.7893,9.2
382,Mongolia,MNG,2000,2998,62.9,0.435,751409856.0,2.255,8.16
383,Mongolia,MNG,2005,2017,64.9,0.392,1387904256.0,2.0282,15.61
384,Mongolia,MNG,2010,1691,67.2,0.415,4652881920.0,2.5126,19.66
385,Morocco,MAR,1990,58561,62.4,0.741,16996660224.0,4.0182,2.98
386,Morocco,MAR,1995,44238,64.7,0.723,24732241920.0,3.33,3.69
387,Morocco,MAR,2000,33473,66.8,0.7,25681963008.0,2.7957,4.07
388,Morocco,MAR,2005,26615,68.7,0.558,34288537600.0,2.5682,4.67
389,Morocco,MAR,2010,21112,70.8,0.526,60327919616.0,2.5858,5.35
390,Mozambique,MOZ,1990,141665,44.5,0.626,1414762240.0,6.2209,0.13
391,Mozambique,MOZ,1995,143218,46.0,0.62,1597945216.0,5.8948,0.14
392,Mozambique,MOZ,2000,128492,49.5,0.6,3315539712.0,5.8116,0.2
393,Mozambique,MOZ,2005,112386,51.6,0.579,4248099840.0,5.6087,0.23
394,Mozambique,MOZ,2010,97695,54.2,0.56,6571609600.0,5.6301,0.26
395,Namibia,NAM,1990,3792,62.5,0.554,1579349376.0,5.3212,1.29
396,Namibia,NAM,1995,3969,58.6,0.545,2498222336.0,4.4264,1.24
397,Namibia,NAM,2000,4207,52.0,0.542,2583355648.0,3.975,1.25
398,Namibia,NAM,2005,3928,51.8,0.513,3993719040.0,3.5601,0.94
399,Namibia,NAM,2010,3072,56.0,0.499,7301598208.0,3.6305,0.76
400,Nepal,NPL,1990,98279,54.8,0.726,2042957824.0,5.2085,2.12
401,Nepal,NPL,1995,80008,59.3,0.709,2788838912.0,4.7847,2.1
402,Nepal,NPL,2000,59766,62.6,0.663,3631321344.0,3.9439,1.81
403,Nepal,NPL,2005,40538,65.5,0.643,4471626240.0,3.1423,1.76
404,Nepal,NPL,2010,28204,66.8,0.518,10356583424.0,2.5115,1.75
405,Netherlands,NLD,1990,1582,77.0,0.118,176988323840.0,1.6132,9.69
406,Netherlands,NLD,1995,1341,77.5,0.096,282951122944.0,1.5355,11.38
407,Netherlands,NLD,2000,1218,78.1,0.1,272837115904.0,1.7187,11.81
408,Netherlands,NLD,2005,1038,79.5,0.071,373192228864.0,1.7095,13.63
409,Netherlands,NLD,2010,810,80.8,0.052,541326213120.0,1.7919,15.63
410,New Zealand,NZL,1990,631,75.4,0.241,25622147072.0,2.1737,16.71
411,New Zealand,NZL,1995,505,76.8,0.223,40503238656.0,1.9796,17.39
412,New Zealand,NZL,2000,413,78.7,0.188,34780356608.0,1.9764,17.86
413,New Zealand,NZL,2005,391,80.1,0.172,63095451648.0,1.9621,18.57
414,New Zealand,NZL,2010,387,81.1,0.173,94866423808.0,2.1642,15.5
415,Nicaragua,NIC,1990,9975,63.1,0.635,568502080.0,4.5963,8.16
416,Nicaragua,NIC,1995,7431,65.6,0.619,2623683328.0,3.7752,8.37
417,Nicaragua,NIC,2000,5298,67.2,0.592,3375591936.0,3.111,9.28
418,Nicaragua,NIC,2005,4046,67.9,0.525,3476721920.0,2.7671,9.32
419,Nicaragua,NIC,2010,3267,72.0,0.497,5657194496.0,2.6008,10.33
420,Niger,NER,1990,137657,41.9,0.796,1397058048.0,7.8064,0.29
421,Niger,NER,1995,134292,45.8,0.797,1191804928.0,7.7757,0.36
422,Niger,NER,2000,127116,49.3,0.792,1188601472.0,7.7317,0.42
423,Niger,NER,2005,112458,53.6,0.697,1872817280.0,7.6146,0.47
424,Niger,NER,2010,94332,58.4,0.694,3700951296.0,7.4854,0.51
425,Norway,NOR,1990,496,76.6,0.132,67463917568.0,1.9298,7.85
426,Norway,NOR,1995,343,77.8,0.112,96334897152.0,1.8712,8.81
427,Norway,NOR,2000,283,78.7,0.1,113227816960.0,1.8545,10.0
428,Norway,NOR,2005,234,80.2,0.07,169796517888.0,1.8408,11.14
429,Norway,NOR,2010,196,81.0,0.072,277332197376.0,1.9389,12.16
430,Pakistan,PAK,1990,596133,60.1,0.811,22532950016.0,6.3637,1.92
431,Pakistan,PAK,1995,577784,59.9,0.786,38423105536.0,5.894,4.11
432,Pakistan,PAK,2000,521740,62.1,0.764,48877420544.0,5.2567,6.09
433,Pakistan,PAK,2005,481834,62.5,0.633,60225937408.0,4.6368,4.02
434,Pakistan,PAK,2010,460081,64.4,0.582,114813992960.0,4.2966,4.43
435,Panama,PAN,1990,2015,71.1,0.54,3168266752.0,3.0962,5.91
436,Panama,PAN,1995,1901,72.4,0.523,5304503296.0,2.8517,8.82
437,Panama,PAN,2000,1832,74.0,0.513,8132078592.0,2.7439,12.53
438,Panama,PAN,2005,1668,75.8,0.476,9005819904.0,2.6648,13.51
439,Panama,PAN,2010,1512,76.4,0.508,18714605568.0,2.6035,14.37
440,Papua New Guinea,PNG,1990,13305,59.7,0.671,1813278080.0,5.1796,0.36
441,Papua New Guinea,PNG,1995,13453,61.0,0.659,2937756672.0,4.7802,0.6
442,Papua New Guinea,PNG,2000,13741,61.7,0.654,2327368192.0,4.5247,0.63
443,Papua New Guinea,PNG,2005,13369,61.8,0.672,2676274688.0,4.2203,0.6
444,Papua New Guinea,PNG,2010,12495,63.0,0.655,6288057856.0,3.8827,0.54
445,Paraguay,PRY,1990,6338,67.9,0.605,3207406592.0,4.5474,3.36
446,Paraguay,PRY,1995,5551,69.0,0.588,5742383104.0,4.108,3.44
447,Paraguay,PRY,2000,4865,69.8,0.553,5416985600.0,3.5533,3.74
448,Paraguay,PRY,2005,4190,70.5,0.523,4804041728.0,3.0396,1.51
449,Paraguay,PRY,2010,3667,71.9,0.492,12963337216.0,2.7295,3.88
450,Peru,PER,1990,53748,65.1,0.576,14479313920.0,3.9119,13.79
451,Peru,PER,1995,37651,67.6,0.544,32944402432.0,3.315,15.53
452,Peru,PER,2000,23581,70.4,0.518,33694830592.0,2.8451,20.54
453,Peru,PER,2005,16288,73.0,0.462,41221189632.0,2.6862,24.37
454,Peru,PER,2010,11939,73.7,0.423,96120201216.0,2.5727,12.27
455,Philippines,PHL,1990,113054,65.9,0.52,24955271168.0,4.352,6.73
456,Philippines,PHL,1995,92897,68.2,0.503,46967463936.0,4.042,6.71
457,Philippines,PHL,2000,85556,69.4,0.497,53552787456.0,3.7139,6.55
458,Philippines,PHL,2005,80246,70.2,0.478,56689164288.0,3.4897,5.94
459,Philippines,PHL,2010,74382,70.8,0.465,129170956288.0,3.2643,5.48
460,Poland,POL,1990,10056,70.7,0.272,36444520448.0,2.0501,3.41
461,Poland,POL,1995,7005,71.9,0.227,88340471808.0,1.6294,5.47
462,Poland,POL,2000,3621,73.7,0.194,113604517888.0,1.3646,6.16
463,Poland,POL,2005,2831,75.1,0.157,167424966656.0,1.2436,9.78
464,Poland,POL,2010,2352,76.3,0.171,310155706368.0,1.4075,11.37
465,Portugal,PRT,1990,1703,74.3,0.256,44334198784.0,1.5558,2.88
466,Portugal,PRT,1995,1079,75.6,0.224,74857504768.0,1.4114,3.77
467,Portugal,PRT,2000,808,76.8,0.195,78226792448.0,1.5425,4.28
468,Portugal,PRT,2005,510,78.3,0.165,108517089280.0,1.4134,3.04
469,Portugal,PRT,2010,376,80.0,0.127,154234175488.0,1.3852,3.26
470,Qatar,QAT,2010,177,78.4,0.541,80976527360.0,2.0874,10.05
471,Romania,ROU,1990,10581,69.7,0.515,21569175552.0,1.8344,3.33
472,Romania,ROU,1995,6830,69.6,0.474,23865253888.0,1.3433,4.23
473,Romania,ROU,2000,4717,71.3,0.434,24744284160.0,1.3035,4.76
474,Romania,ROU,2005,3965,70.6,0.362,54833459200.0,1.3942,6.31
475,Romania,ROU,2010,2695,74.0,0.358,108724830208.0,1.5813,6.61
476,Russia,RUS,1990,45628,68.5,0.447,438376955904.0,1.9023,12.99
477,Russia,RUS,1995,32432,64.1,0.455,250635370496.0,1.3549,13.3
478,Russia,RUS,2000,25422,65.3,0.403,171649400832.0,1.2212,19.31
479,Russia,RUS,2005,20336,66.1,0.364,420207886336.0,1.3367,21.77
480,Russia,RUS,2010,17858,69.4,0.307,986894565376.0,1.5982,24.74
481,Rwanda,RWA,1990,48136,48.4,0.611,1436205952.0,6.8727,0.12
482,Rwanda,RWA,1995,62943,40.0,0.597,819671872.0,6.324,0.14
483,Rwanda,RWA,2000,53100,47.1,0.563,1146674432.0,5.9242,0.22
484,Rwanda,RWA,2005,33442,57.3,0.491,1419800832.0,5.4359,0.33
485,Rwanda,RWA,2010,21726,62.5,0.45,3687981056.0,4.5323,0.53
486,Saudi Arabia,SAU,2005,9406,74.6,0.671,180652130304.0,3.2421,6.5
487,Saudi Arabia,SAU,2010,7409,75.8,0.651,340941307904.0,2.8535,6.67
488,Senegal,SEN,1990,42832,56.9,0.678,3219482624.0,6.3963,0.74
489,Senegal,SEN,1995,47125,56.8,0.671,3091488000.0,5.8189,0.72
490,Senegal,SEN,2000,48075,56.9,0.659,3092895744.0,5.4978,0.53
491,Senegal,SEN,2005,37664,60.9,0.633,4788840960.0,5.1855,0.29
492,Senegal,SEN,2010,30762,64.6,0.586,8369595904.0,5.0642,1.25
493,Sierra Leone,SLE,2000,45033,45.1,0.691,420268832.0,6.3545,0.55
494,Sierra Leone,SLE,2005,43630,48.2,0.664,895316672.0,5.8072,0.67
495,Sierra Leone,SLE,2010,38846,53.7,0.658,1693415552.0,5.3269,1.22
496,Singapore,SGP,1990,408,74.9,0.261,20360425472.0,1.7949,2.6
497,Singapore,SGP,1995,284,76.0,0.24,55693086720.0,1.6462,8.85
498,Singapore,SGP,2000,200,79.1,0.264,63339614208.0,1.5575,13.79
499,Singapore,SGP,2005,138,80.4,0.151,70079471616.0,1.2602,13.7
500,Singapore,SGP,2010,138,81.7,0.085,153007210496.0,1.1606,29.71
501,Slovakia,SVK,1990,1200,70.8,0.277,7149275136.0,2.0818,3.95
502,Slovakia,SVK,1995,815,72.3,0.242,16306205696.0,1.5271,5.01
503,Slovakia,SVK,2000,538,73.1,0.215,19242924032.0,1.2938,4.69
504,Slovakia,SVK,2005,436,74.2,0.192,34371039232.0,1.2684,7.27
505,Slovakia,SVK,2010,393,75.5,0.203,57763598336.0,1.4319,8.76
506,Slovenia,SVN,1995,142,74.6,0.236,13480050688.0,1.2932,7.22
507,Slovenia,SVN,2000,96,76.2,0.189,13444789248.0,1.2513,7.99
508,Slovenia,SVN,2005,77,77.7,0.134,19990759424.0,1.2643,10.68
509,Slovenia,SVN,2010,68,79.7,0.128,31075221504.0,1.5736,13.25
510,South Africa,ZAF,1990,68241,63.4,0.511,63084179456.0,3.7243,0.42
511,South Africa,ZAF,1995,64998,62.3,0.476,98510176256.0,3.1715,0.53
512,South Africa,ZAF,2000,73067,58.5,0.459,90125729792.0,2.4135,0.53
513,South Africa,ZAF,2005,84721,54.0,0.454,141774503936.0,2.5125,0.36
514,South Africa,ZAF,2010,60679,58.9,0.44,242918277120.0,2.4448,0.32
515,South Korea,KOR,1990,10302,71.9,0.298,160368656384.0,1.6024,9.4
516,South Korea,KOR,1995,7220,73.9,0.249,354429272064.0,1.6284,12.9
517,South Korea,KOR,2000,4461,76.5,0.17,371200688128.0,1.415,19.08
518,South Korea,KOR,2005,2694,78.5,0.1,493973635072.0,1.0956,22.09
519,South Korea,KOR,2010,1881,80.8,0.113,708337008640.0,1.2167,30.04
520,Spain,ESP,1990,3759,77.0,0.188,301356711936.0,1.3588,4.23
521,Spain,ESP,1995,2633,78.2,0.144,388400250880.0,1.1564,8.01
522,Spain,ESP,2000,2118,79.4,0.129,393520054272.0,1.2159,10.69
523,Spain,ESP,2005,2183,80.3,0.124,636499722240.0,1.3307,13.53
524,Spain,ESP,2010,1907,82.0,0.105,926548623360.0,1.3752,14.96
525,Sri Lanka,LKA,1990,8200,71.9,0.469,4523748352.0,2.5166,3.15
526,Sri Lanka,LKA,1995,6894,72.3,0.473,8234691584.0,2.2949,5.25
527,Sri Lanka,LKA,2000,5699,70.4,0.462,10793541632.0,2.1906,7.65
528,Sri Lanka,LKA,2005,5107,72.1,0.435,13423388672.0,2.2834,8.6
529,Sri Lanka,LKA,2010,4115,73.2,0.416,36711710720.0,2.196,8.51
530,Sudan,SDN,1990,106477,49.7,0.746,6988264960.0,6.1677,0.38
531,Sudan,SDN,1995,111883,52.0,0.723,8763466752.0,5.7876,0.54
532,Sudan,SDN,2000,109073,58.3,0.709,8101307392.0,5.38,0.87
533,Sudan,SDN,2005,99964,57.3,0.647,14588442624.0,5.0385,1.24
534,Sudan,SDN,2010,91142,63.0,0.609,42477015040.0,5.0172,1.87
535,Sweden,SWE,1990,797,77.6,0.101,145386553344.0,2.1219,10.61
536,Sweden,SWE,1995,525,78.8,0.075,167321288704.0,1.732,11.6
537,Sweden,SWE,2000,379,79.7,0.06,171711201280.0,1.5434,13.51
538,Sweden,SWE,2005,361,80.6,0.047,213972484096.0,1.7738,14.32
539,Sweden,SWE,2010,340,81.5,0.052,316068855808.0,1.9757,14.93
540,Switzerland,CHE,1990,649,77.4,0.124,144973185024.0,1.5771,8.77
541,Switzerland,CHE,1995,522,78.6,0.109,216561745920.0,1.4793,9.83
542,Switzerland,CHE,2000,434,79.8,0.103,179548340224.0,1.4878,10.02
543,Switzerland,CHE,2005,373,81.2,0.079,224143785984.0,1.4184,12.8
544,Switzerland,CHE,2010,358,82.3,0.057,376148033536.0,1.5187,17.88
545,Syria,SYR,1990,16264,69.8,0.551,6931934208.0,5.3843,2.36
546,Syria,SYR,1995,13549,70.4,0.505,7221728256.0,4.5737,2.27
547,Syria,SYR,2000,11618,70.8,0.461,12773083136.0,4.0009,1.9
548,Syria,SYR,2005,10997,72.8,0.487,15872372736.0,3.8139,2.33
549,Tajikistan,TJK,1990,21304,61.9,0.537,1480814720.0,5.3422,4.78
550,Tajikistan,TJK,1995,22530,59.3,0.583,780376768.0,4.6578,4.85
551,Tajikistan,TJK,2000,15881,63.3,0.417,568764352.0,4.0057,4.1
552,Tajikistan,TJK,2005,10975,66.5,0.341,1271784704.0,3.4376,3.7
553,Tajikistan,TJK,2010,9874,67.7,0.343,3651527424.0,3.4569,3.74
554,Tanzania,TZA,1990,175938,51.5,0.659,2398425856.0,6.1954,0.34
555,Tanzania,TZA,1995,185997,50.8,0.651,3330065664.0,5.8651,0.4
556,Tanzania,TZA,2000,173362,52.4,0.64,6732101632.0,5.6862,0.37
557,Tanzania,TZA,2005,143812,56.3,0.596,9311453184.0,5.6097,0.34
558,Tanzania,TZA,2010,124447,60.1,0.581,20326539264.0,5.2929,0.36
559,Thailand,THA,1990,40417,70.4,0.437,48063320064.0,2.0899,4.86
560,Thailand,THA,1995,28990,70.9,0.428,107266400256.0,1.898,3.92
561,Thailand,THA,2000,20313,72.3,0.406,83536592896.0,1.6124,4.62
562,Thailand,THA,2005,14588,73.8,0.394,104124792832.0,1.5851,9.02
563,Thailand,THA,2010,10826,76.1,0.378,220638576640.0,1.5759,10.47
564,Togo,TGO,1990,22334,54.4,0.739,917092992.0,6.1328,0.83
565,Togo,TGO,1995,22291,54.0,0.731,829714048.0,5.6457,0.9
566,Togo,TGO,2000,22312,54.7,0.666,855410112.0,5.2691,1.05
567,Togo,TGO,2005,21933,56.0,0.64,1163330560.0,5.0694,1.29
568,Togo,TGO,2010,20713,57.3,0.621,2053463808.0,5.0074,1.51
569,Tonga,TON,1990,66,67.3,0.705,63956532.0,4.6435,2.47
570,Tonga,TON,1995,54,68.2,0.673,128347560.0,4.447,3.28
571,Tonga,TON,2000,47,69.0,0.667,124666960.0,4.1078,4.55
572,Tonga,TON,2005,42,69.8,0.453,142306304.0,4.179,5.69
573,Tonga,TON,2010,37,70.3,0.643,239337216.0,3.8886,2.91
574,Trinidad and Tobago,TTO,1990,791,68.3,0.456,2854181120.0,2.3824,1.9
575,Trinidad and Tobago,TTO,1995,593,69.2,0.422,3376952320.0,1.931,2.65
576,Trinidad and Tobago,TTO,2000,522,69.1,0.4,5389454848.0,1.7686,3.28
577,Trinidad and Tobago,TTO,2005,502,71.3,0.367,8790222848.0,1.68,4.72
578,Trinidad and Tobago,TTO,2010,454,72.7,0.367,13615101952.0,1.7008,6.48
579,Tunisia,TUN,1990,11999,70.1,0.558,6921765376.0,3.471,2.05
580,Tunisia,TUN,1995,8143,72.0,0.502,11425589248.0,2.6732,2.48
581,Tunisia,TUN,2000,5075,73.7,0.394,14192296960.0,2.0492,3.77
582,Tunisia,TUN,2005,3649,74.8,0.317,17750087680.0,1.981,5.71
583,Tunisia,TUN,2010,3452,75.4,0.29,28508835840.0,2.1049,7.38
584,Turkey,TUR,1990,103782,67.7,0.611,84857421824.0,3.1258,5.78
585,Turkey,TUR,1995,73868,69.6,0.604,107397816320.0,2.7915,5.31
586,Turkey,TUR,2000,51869,71.9,0.553,176182738944.0,2.505,4.91
587,Turkey,TUR,2005,34691,73.5,0.531,265637937152.0,2.2239,4.21
588,Turkey,TUR,2010,23566,75.1,0.422,473196625920.0,2.1369,5.28
589,Uganda,UGA,1990,148451,46.4,0.661,2424138752.0,7.0372,0.19
590,Uganda,UGA,1995,158173,46.6,0.654,3647278336.0,6.9166,1.26
591,Uganda,UGA,2000,160326,48.3,0.64,4093308672.0,6.8323,1.75
592,Uganda,UGA,2005,133396,53.0,0.587,4957591040.0,6.5716,1.56
593,Uganda,UGA,2010,107047,57.1,0.561,13061235712.0,6.0709,1.23
594,Ukraine,UKR,1990,12813,69.8,0.471,45874663424.0,1.8545,12.36
595,Ukraine,UKR,1995,10523,66.8,0.473,30552145920.0,1.4022,16.55
596,Ukraine,UKR,2000,7546,67.9,0.357,20661837824.0,1.1091,20.43
597,Ukraine,UKR,2005,6191,68.2,0.369,47377936384.0,1.2197,22.33
598,Ukraine,UKR,2010,5738,70.6,0.325,88287707136.0,1.4355,24.55
599,United Arab Emirates,ARE,1990,775,71.9,0.659,28553885696.0,4.5367,6.42
600,United Arab Emirates,ARE,1995,634,72.7,0.627,41659658240.0,3.2743,8.66
601,United Arab Emirates,ARE,2000,576,74.4,0.605,68959805440.0,2.733,9.7
602,United Arab Emirates,ARE,2005,662,76.7,0.584,99338993664.0,2.2042,9.01
603,United Arab Emirates,ARE,2010,784,78.3,0.175,185125126144.0,1.7897,8.54
604,United Kingdom,GBR,1990,7224,75.7,0.255,615647870976.0,1.8287,9.0
605,United Kingdom,GBR,1995,5412,76.6,0.235,784203382784.0,1.7102,11.1
606,United Kingdom,GBR,2000,4612,77.9,0.21,1027616145408.0,1.6413,12.83
607,United Kingdom,GBR,2005,4295,79.1,0.202,1330413174784.0,1.759,13.77
608,United Kingdom,GBR,2010,4081,80.4,0.179,1555497484288.0,1.9168,15.31
609,United States,USA,1990,43940,75.4,0.294,3367566835712.0,2.0692,20.71
610,United States,USA,1995,37429,75.9,0.295,4856469258240.0,1.9716,20.4
611,United States,USA,2000,33312,76.8,0.275,6797529710592.0,2.0465,22.97
612,United States,USA,2005,32674,77.6,0.256,7201522974720.0,2.0575,22.39
613,United States,USA,2010,30050,78.8,0.248,9684626964480.0,1.9325,26.76
614,Uruguay,URY,1990,1292,73.2,0.433,5236892672.0,2.4327,4.22
615,Uruguay,URY,1995,1163,73.9,0.434,12228312064.0,2.4012,5.46
616,Uruguay,URY,2000,922,75.0,0.381,15084597248.0,2.1679,4.5
617,Uruguay,URY,2005,729,76.2,0.366,9549537280.0,2.0971,3.67
618,Uruguay,URY,2010,517,76.9,0.321,26071402496.0,2.011,3.5
619,Venezuela,VEN,1990,16481,71.5,0.563,26484809728.0,3.4483,2.43
620,Venezuela,VEN,1995,14822,72.1,0.553,47454597120.0,3.0821,2.52
621,Venezuela,VEN,2000,12325,72.5,0.519,77426491392.0,2.8217,2.7
622,Venezuela,VEN,2005,10787,72.8,0.489,80032129024.0,2.6288,2.97
623,Venezuela,VEN,2010,10085,72.9,0.493,254860034048.0,2.4715,2.96
624,Vietnam,VNM,1990,99288,69.2,0.41,3644735232.0,3.5957,1.02
625,Vietnam,VNM,1995,68910,71.4,0.384,13139843072.0,2.6635,1.56
626,Vietnam,VNM,2000,42745,72.5,0.328,22233774080.0,2.0716,2.21
627,Vietnam,VNM,2005,34774,73.3,0.3,31698173952.0,1.9624,2.99
628,Vietnam,VNM,2010,34308,73.5,0.315,75028594688.0,1.8949,3.27
629,Yemen,YEM,2000,64531,62.6,0.805,6368957440.0,6.3177,0.94
630,Yemen,YEM,2005,52425,65.5,0.799,9214540800.0,5.5769,1.21
631,Yemen,YEM,2010,45912,67.3,0.798,20002201600.0,4.8553,1.5
632,Zambia,ZMB,1990,63522,47.9,0.666,1851940864.0,6.5331,0.12
633,Zambia,ZMB,1995,68539,45.6,0.642,2412416512.0,6.2409,0.79
634,Zambia,ZMB,2000,69828,45.2,0.648,2379802880.0,5.9259,0.77
635,Zambia,ZMB,2005,53063,50.7,0.617,4582511616.0,5.7101,0.61
636,Zambia,ZMB,2010,43235,56.8,0.586,13115440128.0,5.3629,0.49
637,Zimbabwe,ZWE,1990,29244,59.4,0.605,4946843648.0,4.8733,1.83
638,Zimbabwe,ZWE,1995,35883,50.5,0.594,4506184704.0,4.1539,1.32
639,Zimbabwe,ZWE,2000,35389,44.7,0.625,4421600256.0,3.974,0.53
640,Zimbabwe,ZWE,2005,36797,44.8,0.595,3165356800.0,3.6651,0.44
641,Zimbabwe,ZWE,2010,38616,50.7,0.592,6097824768.0,4.0248,0.38
