,Code,Year,Deaths,Fertility,GDP ,GenderInequality,LifeExpectancy,tertiary_education
0,AFG,2005,118653.0,6.9047,3451279104.0,0.748,58.4,3.61
1,AFG,2010,101658.0,6.0987,10313962496.0,0.753,60.9,3.65
2,ALB,2000,1449.0,2.231,2400530432.0,0.319,75.4,3.51
3,ALB,2005,815.0,1.8026,4487185408.0,0.306,76.6,2.35
4,ALB,2010,473.0,1.6564,7718873600.0,0.246,77.9,0.93
5,ARE,1990,775.0,4.5367,28553885696.0,0.659,71.9,
6,ARE,1995,634.0,3.2743,41659658240.0,0.627,72.7,8.66
7,ARE,2000,576.0,2.733,68959805440.0,0.605,74.4,9.7
8,ARE,2005,662.0,2.2042,99338993664.0,0.584,76.7,9.01
9,ARE,2010,784.0,1.7897,185125126144.0,,78.3,8.54
10,ARG,1990,20549.0,3.0342,79606398976.0,0.442,71.8,5.77
11,ARG,1995,17498.0,2.8638,163506454528.0,0.426,73.1,4.32
12,ARG,2000,14067.0,2.5906,187839070208.0,0.413,73.9,3.1
13,ARG,2005,11983.0,2.4259,121447137280.0,0.373,75.1,3.09
14,ARG,2010,10683.0,2.3462,,0.364,75.7,2.87
15,ARM,1990,3746.0,2.7128,1270999808.0,0.47,68.8,10.04
16,ARM,1995,2182.0,2.0551,930425728.0,0.469,69.3,10.47
17,ARM,2000,1238.0,1.6029,1263411712.0,0.453,70.6,10.08
18,ARM,2005,985.0,1.54,2695248384.0,0.386,71.8,11.51
19,ARM,2010,807.0,1.501,,0.346,73.2,
20,AUS,1990,,1.9017,175122694144.0,0.185,77.0,13.9
21,AUS,1995,1790.0,1.8312,233157640192.0,0.176,78.3,15.87
22,AUS,2000,1530.0,1.7701,274254610432.0,0.151,79.6,13.15
23,AUS,2005,1510.0,1.8441,381190144000.0,0.135,81.1,15.63
24,AUS,2010,1419.0,1.9501,,0.136,82.1,18.52
25,AUT,1990,840.0,1.4596,93522509824.0,0.202,75.7,2.97
26,AUT,1995,604.0,1.4354,152370298880.0,0.17,76.8,5.21
27,AUT,2000,449.0,,129821196288.0,0.149,78.2,7.06
28,AUT,2005,380.0,1.4073,173056311296.0,0.121,79.5,8.27
29,AUT,2010,338.0,1.4352,,0.111,80.5,9.37
30,BDI,2000,41890.0,6.8715,1150662400.0,0.616,47.5,0.24
31,BDI,2005,37617.0,6.7076,1228978432.0,0.562,53.0,0.34
32,BDI,2010,32252.0,6.2599,2623488256.0,0.54,57.1,0.54
33,BEL,1990,1194.0,1.6214,116257210368.0,0.18,76.1,12.98
34,BEL,1995,905.0,1.5632,183489724416.0,0.159,76.8,14.51
35,BEL,2000,663.0,1.664,157238738944.0,0.134,77.8,14.95
36,BEL,2005,584.0,1.7598,213050523648.0,0.103,79.1,15.82
37,BEL,2010,560.0,1.8577,,0.092,80.0,17.69
38,BGD,1990,521088.0,4.4794,17795459072.0,0.73,56.0,
39,BGD,1995,404817.0,3.6051,24041205760.0,0.708,59.5,1.97
40,BGD,2000,300051.0,3.2178,35273744384.0,0.689,65.8,1.98
41,BGD,2005,216274.0,2.8082,38193479680.0,0.644,67.3,2.11
42,BGD,2010,154269.0,2.3395,,0.607,68.6,2.28
43,BGR,1990,2005.0,1.8099,11672576000.0,0.368,71.4,8.11
44,BGR,1995,1588.0,1.2401,8277873152.0,0.342,71.0,9.25
45,BGR,2000,1162.0,1.2608,8689986560.0,0.322,71.6,9.79
46,BGR,2005,937.0,1.3657,16401854464.0,0.248,72.6,11.76
47,BGR,2010,798.0,1.5711,,0.24,73.8,13.07
48,BLZ,1990,253.0,4.6984,232620240.0,0.548,70.7,3.4
49,BLZ,1995,198.0,3.9482,392963136.0,0.547,69.9,3.43
50,BLZ,2000,171.0,3.6339,549942464.0,0.511,68.6,3.33
51,BLZ,2005,157.0,3.1286,612809280.0,0.49,69.4,3.2
52,BLZ,2010,142.0,2.6056,904182528.0,0.455,72.3,3.18
53,BOL,2000,19063.0,3.9906,5550440448.0,0.589,62.3,5.27
54,BOL,2005,14229.0,3.5584,5251973632.0,0.545,64.4,7.25
55,BOL,2010,10426.0,3.2132,12716829696.0,0.486,66.2,8.43
56,BRA,1990,233805.0,2.9047,,0.552,66.0,
57,BRA,1995,173777.0,2.5786,497837146112.0,0.533,67.9,3.72
58,BRA,2000,122391.0,2.2545,433188143104.0,0.507,69.7,3.7
59,BRA,2005,80324.0,1.9737,490394714112.0,0.471,71.8,3.73
60,BRA,2010,56169.0,1.8102,,0.45,73.2,
61,BRB,1990,,1.7399,1133186048.0,0.407,72.8,2.07
62,BRB,1995,60.0,1.727,1433495296.0,0.391,73.3,1.56
63,BRB,2000,57.0,1.7747,2063096064.0,0.361,74.1,
64,BRB,2005,57.0,1.7883,2143617152.0,0.342,74.9,1.53
65,BRB,2010,,1.6872,2877034240.0,0.32,75.7,2.07
66,BWA,1990,2160.0,4.4865,2134799232.0,0.589,60.5,1.52
67,BWA,1995,2965.0,3.803,2997636864.0,0.561,55.1,1.9
68,BWA,2000,3786.0,3.3115,3825686272.0,0.517,51.0,1.73
69,BWA,2005,3373.0,3.0795,5462104064.0,0.521,52.6,1.79
70,BWA,2010,2781.0,3.023,8275259392.0,0.511,60.0,2.02
71,CAF,1990,20238.0,6.0447,811375552.0,0.751,49.6,
72,CAF,1995,22231.0,5.9716,706786752.0,0.743,47.4,0.81
73,CAF,2000,24318.0,5.9149,604421568.0,0.71,45.4,0.83
74,CAF,2005,25553.0,5.8493,742662848.0,0.694,46.4,0.82
75,CAF,2010,24073.0,5.9365,,0.701,49.3,0.83
76,CAN,1990,3152.0,1.8086,334487453696.0,0.193,77.4,9.93
77,CAN,1995,2591.0,1.6776,382755504128.0,0.182,78.0,11.54
78,CAN,2000,2097.0,1.4937,490604724224.0,0.15,79.2,13.89
79,CAN,2005,2088.0,1.5433,643144482816.0,0.133,80.1,20.47
80,CAN,2010,2148.0,1.6296,,0.133,81.3,22.67
81,CHE,1990,649.0,1.5771,144973185024.0,0.124,77.4,8.77
82,CHE,1995,522.0,1.4793,216561745920.0,0.109,78.6,9.83
83,CHE,2000,434.0,1.4878,179548340224.0,0.103,79.8,10.02
84,CHE,2005,373.0,,224143785984.0,0.079,81.2,12.8
85,CHE,2010,358.0,1.5187,,0.057,82.3,
86,CHL,1990,5598.0,2.5787,17773262848.0,0.512,72.6,6.23
87,CHL,1995,3765.0,2.3027,45211705344.0,0.483,74.6,7.54
88,CHL,2000,2813.0,1.987,52430757888.0,0.429,76.9,8.33
89,CHL,2005,2218.0,1.8035,68422029312.0,0.37,78.0,7.43
90,CHL,2010,2160.0,1.8441,,0.339,78.5,5.92
91,CHN,2000,651151.0,1.6281,796594143232.0,0.275,71.9,2.75
92,CHN,2005,409142.0,1.6238,1247724830720.0,0.26,74.1,2.73
93,CHN,2010,273880.0,1.6865,3908740055040.0,0.253,75.6,2.71
94,CIV,1990,75428.0,6.7299,6079974912.0,0.696,52.6,
95,CIV,1995,87222.0,6.0893,6970441216.0,0.684,51.6,1.63
96,CIV,2000,92603.0,5.8141,7083212288.0,0.678,50.8,2.08
97,CIV,2005,88010.0,5.4596,9396676608.0,0.669,51.8,2.11
98,CIV,2010,79512.0,5.088,,0.66,,2.13
99,CMR,1990,,6.3917,6280312832.0,0.704,54.9,0.45
100,CMR,1995,82112.0,5.9555,5533968896.0,0.702,53.2,0.64
101,CMR,2000,88919.0,5.5295,6138309120.0,0.693,52.9,0.8
102,CMR,2005,88539.0,5.4074,9123289088.0,0.656,54.4,1.15
103,CMR,2010,85217.0,5.1601,,0.627,56.6,1.64
104,COD,2005,325913.0,6.5967,6580442624.0,0.65,53.9,0.5
105,COD,2010,316388.0,6.5868,13282238464.0,0.656,56.4,0.46
106,COG,2000,13114.0,4.7639,2128138752.0,0.62,53.7,0.96
107,COG,2005,11520.0,4.6627,3347839232.0,0.623,58.1,0.79
108,COG,2010,9464.0,4.8222,7771248128.0,0.615,61.7,0.64
109,COL,1990,31598.0,3.0816,,0.529,68.6,7.37
110,COL,1995,27190.0,2.8621,58618900480.0,0.515,69.9,8.61
111,COL,2000,22196.0,2.5723,66018136064.0,0.497,71.3,8.66
112,COL,2005,17862.0,2.2634,80611147776.0,0.488,73.1,6.6
113,COL,2010,14020.0,1.9918,,0.464,75.0,
114,CRI,1990,1431.0,3.2049,4169456896.0,0.478,76.6,
115,CRI,1995,1238.0,2.8044,7428082176.0,0.464,76.6,11.94
116,CRI,2000,1012.0,2.412,10539498496.0,0.427,77.6,12.39
117,CRI,2005,818.0,2.0437,10980669440.0,0.348,78.5,12.56
118,CRI,2010,754.0,1.9276,,0.333,78.7,
119,CUB,1990,2386.0,1.8041,16132451328.0,0.439,74.0,4.4
120,CUB,1995,1713.0,1.4712,19281655808.0,0.421,74.6,5.28
121,CUB,2000,1303.0,1.5808,20201488384.0,0.369,76.2,5.59
122,CUB,2005,977.0,1.4684,23454224384.0,0.328,77.0,8.32
123,CUB,2010,800.0,1.6925,,0.333,77.7,
124,CYP,1990,164.0,2.4055,3148795904.0,0.361,73.5,
125,CYP,1995,128.0,2.0326,6282732544.0,0.316,75.1,14.6
126,CYP,2000,82.0,1.6368,6562802176.0,0.239,76.6,15.89
127,CYP,2005,54.0,1.4798,10048467968.0,0.142,78.1,14.51
128,CYP,2010,43.0,1.438,,0.13,79.7,
129,DEU,1995,5103.0,1.2495,1642226778112.0,0.14,76.6,9.32
130,DEU,2000,4053.0,1.38,1288784969728.0,0.133,78.1,10.48
131,DEU,2005,3314.0,1.3408,1573769838592.0,0.108,79.3,10.89
132,DEU,2010,2822.0,1.3921,,0.096,80.1,13.14
133,DNK,1990,544.0,,77771849728.0,0.09,74.9,8.48
134,DNK,1995,436.0,1.8007,117232992256.0,0.093,75.3,10.37
135,DNK,2000,376.0,1.7661,108497641472.0,0.075,76.8,12.31
136,DNK,2005,323.0,1.7996,145507205120.0,0.055,78.2,14.53
137,DNK,2010,255.0,,,0.049,79.2,14.98
138,DOM,1990,12404.0,3.4109,3983730944.0,0.58,67.1,2.01
139,DOM,1995,10157.0,3.1009,10365855744.0,0.557,69.0,2.38
140,DOM,2000,8370.0,2.8587,15859766272.0,0.504,69.4,2.78
141,DOM,2005,7542.0,2.6046,18702176256.0,0.494,70.9,2.55
142,DOM,2010,7259.0,2.5385,,0.491,72.1,2.06
143,DZA,1990,40736.0,4.5564,34942369792.0,0.7,67.4,1.97
144,DZA,1995,31664.0,3.4563,26464544768.0,0.675,67.5,2.53
145,DZA,2000,24432.0,2.5655,36212449280.0,0.598,70.5,3.4
146,DZA,2005,22328.0,2.5546,56758816768.0,0.551,72.1,3.78
147,DZA,2010,23336.0,2.8434,,0.519,73.8,
148,ECU,1990,16301.0,3.7444,8582411264.0,0.61,69.3,5.83
149,ECU,1995,12830.0,3.4026,15482336256.0,0.594,71.0,6.23
150,ECU,2000,9499.0,3.1019,12113387520.0,0.505,72.8,
151,ECU,2005,7461.0,2.7998,22828814336.0,0.479,74.5,6.16
152,ECU,2010,6082.0,2.6148,,0.432,75.4,
153,EGY,1990,158470.0,4.484,24290058240.0,0.665,64.1,1.87
154,EGY,1995,114805.0,3.8444,38120988672.0,0.635,66.3,2.18
155,EGY,2000,82509.0,3.4424,65986387968.0,0.617,68.0,4.19
156,EGY,2005,65789.0,3.1507,49326968832.0,0.575,68.8,5.29
157,EGY,2010,62544.0,3.2127,,0.557,69.7,6.65
158,ESP,1990,,1.3588,301356711936.0,,77.0,4.23
159,ESP,1995,2633.0,1.1564,388400250880.0,0.144,78.2,8.01
160,ESP,2000,2118.0,1.2159,393520054272.0,0.129,79.4,10.69
161,ESP,2005,2183.0,1.3307,636499722240.0,0.124,80.3,13.53
162,ESP,2010,1907.0,1.3752,926548623360.0,0.105,82.0,14.96
163,EST,1995,240.0,1.379,2771447552.0,0.374,68.7,11.41
164,EST,2000,140.0,1.3491,3757903872.0,0.279,71.3,15.0
165,EST,2005,101.0,1.517,7703323136.0,0.225,73.2,16.58
166,EST,2010,69.0,1.7135,12616536064.0,0.166,75.7,18.87
167,FIN,1990,427.0,1.7785,79699484672.0,,75.0,
168,FIN,1995,327.0,1.8066,85037834240.0,0.092,76.6,9.49
169,FIN,2000,249.0,,82973204480.0,0.084,77.7,10.88
170,FIN,2005,217.0,1.7976,112439394304.0,0.083,79.0,11.7
171,FIN,2010,180.0,,,0.07,80.0,12.35
172,FJI,1990,,3.4143,752981568.0,0.526,,3.65
173,FJI,1995,510.0,3.2674,1248546304.0,0.495,66.3,4.82
174,FJI,2000,449.0,3.0264,1113080320.0,0.412,66.3,5.75
175,FJI,2005,445.0,2.8849,1653692800.0,0.435,66.6,6.37
176,FJI,2010,448.0,2.7465,2032471424.0,0.401,,7.03
177,FRA,1990,,1.7817,718219902976.0,0.229,76.8,5.81
178,FRA,1995,4756.0,1.7085,1020137177088.0,0.197,77.9,7.2
179,FRA,2000,4039.0,1.8762,904443330560.0,0.195,79.0,8.44
180,FRA,2005,3603.0,1.9159,1212018851840.0,0.157,80.3,8.71
181,FRA,2010,3352.0,2.0176,,0.129,81.4,10.6
182,GAB,1990,3176.0,5.4587,3352195072.0,0.643,60.3,4.1
183,GAB,1995,3300.0,4.8843,3142262016.0,0.639,60.7,5.06
184,GAB,2000,3317.0,4.4692,3349509120.0,0.625,61.1,5.54
185,GAB,2005,3232.0,4.2097,5202367488.0,0.605,62.0,5.73
186,GAB,2010,3189.0,4.1532,,0.576,63.9,6.3
187,GBR,1990,,1.8287,615647870976.0,0.255,75.7,9.0
188,GBR,1995,5412.0,1.7102,784203382784.0,0.235,76.6,11.1
189,GBR,2000,4612.0,1.6413,1027616145408.0,0.21,77.9,12.83
190,GBR,2005,4295.0,1.759,1330413174784.0,0.202,79.1,13.77
191,GBR,2010,4081.0,1.9168,1555497484288.0,0.179,80.4,15.31
192,GHA,1990,72685.0,5.7119,3316647936.0,0.646,55.6,1.14
193,GHA,1995,71055.0,5.067,4096750848.0,0.625,56.6,1.39
194,GHA,2000,66852.0,4.8545,3293435392.0,0.604,58.2,1.84
195,GHA,2005,59481.0,4.538,5902376960.0,0.573,59.8,1.66
196,GHA,2010,53884.0,4.2064,,0.573,61.2,1.44
197,GMB,1990,6831.0,6.2178,178574048.0,0.777,51.3,0.77
198,GMB,1995,6697.0,6.0081,498061152.0,0.77,55.5,1.01
199,GMB,2000,6125.0,5.8013,517453056.0,0.753,56.9,1.02
200,GMB,2005,5596.0,5.7191,343294848.0,0.653,58.4,0.94
201,GMB,2010,5177.0,5.6686,616392064.0,0.659,60.7,0.91
202,GRC,1990,1127.0,1.486,55130009600.0,0.299,77.3,11.33
203,GRC,1995,903.0,1.3908,86735437824.0,0.262,77.8,12.76
204,GRC,2000,685.0,1.3282,86009487360.0,0.205,78.4,12.22
205,GRC,2005,506.0,1.3495,136280145920.0,0.178,79.6,19.3
206,GRC,2010,422.0,1.4449,193752055808.0,0.152,80.5,22.5
207,GTM,1990,28323.0,5.4803,4308375040.0,0.592,62.5,1.53
208,GTM,1995,24696.0,5.1051,9287619584.0,0.577,64.2,1.69
209,GTM,2000,21218.0,4.5825,12749732864.0,0.584,67.4,1.74
210,GTM,2005,17537.0,3.9743,14966202368.0,0.576,69.2,1.54
211,GTM,2010,14055.0,3.3752,,,70.9,
212,GUY,2000,909.0,3.0169,471024320.0,0.561,64.5,0.06
213,GUY,2005,714.0,2.8398,453682656.0,0.526,65.1,0.15
214,GUY,2010,597.0,2.6552,1462163968.0,0.496,66.7,0.24
215,HND,2000,8139.0,4.237,4696273920.0,0.534,68.7,2.39
216,HND,2005,6367.0,3.5453,5319600128.0,0.47,70.1,2.46
217,HND,2010,4874.0,2.957,10250891264.0,0.469,71.1,1.93
218,HRV,1995,494.0,1.6271,14186281984.0,0.286,73.2,4.53
219,HRV,2000,381.0,1.4655,14391292928.0,0.191,74.6,6.29
220,HRV,2005,284.0,1.4968,24978749440.0,0.158,75.4,8.73
221,HRV,2010,235.0,1.5456,38624047104.0,0.136,76.8,11.04
222,HTI,2005,24085.0,3.8331,2370688256.0,0.593,60.4,0.6
223,HTI,2010,57754.0,3.4697,4285969664.0,0.625,46.0,0.67
224,HUN,1990,2146.0,1.8635,18616068096.0,0.339,69.4,7.48
225,HUN,1995,1415.0,1.5664,29274834944.0,0.314,70.0,8.52
226,HUN,2000,988.0,1.316,31176030208.0,0.291,71.8,9.36
227,HUN,2005,718.0,1.3066,61891772416.0,0.262,72.9,12.57
228,HUN,2010,559.0,1.2543,84193943552.0,0.24,74.5,15.38
229,IDN,1990,393314.0,3.0981,64442368000.0,0.6,63.2,0.98
230,IDN,1995,298226.0,2.7983,128084598784.0,0.571,65.2,1.15
231,IDN,2000,236750.0,2.536,109067501568.0,0.57,66.4,1.21
232,IDN,2005,202096.0,2.4329,157227171840.0,0.544,67.6,2.67
233,IDN,2010,169104.0,2.452,,,68.7,3.73
234,IRL,1990,,2.1065,27798994944.0,0.211,74.8,10.61
235,IRL,1995,363.0,1.8454,43860914176.0,0.191,75.5,14.07
236,IRL,2000,386.0,1.8933,65983361024.0,0.202,76.5,16.37
237,IRL,2005,332.0,1.8665,116263354368.0,0.182,78.9,20.47
238,IRL,2010,299.0,2.0562,142428635136.0,0.163,80.5,26.8
239,IRN,1990,105884.0,,70291963904.0,0.708,64.4,4.13
240,IRN,1995,65304.0,2.8854,61097779200.0,0.642,67.8,6.36
241,IRN,2000,42629.0,2.0164,72432558080.0,0.583,69.7,8.0
242,IRN,2005,31528.0,1.775,120914837504.0,0.513,71.8,9.74
243,IRN,2010,25398.0,1.7677,,0.525,73.1,14.66
244,IRQ,1990,34872.0,5.8844,27402739712.0,0.721,58.4,3.8
245,IRQ,2005,35737.0,4.4747,27475089408.0,0.665,64.8,6.75
246,IRQ,2010,34512.0,4.4292,89645113344.0,0.574,67.1,8.77
247,ISL,1990,28.0,2.2939,3672783872.0,0.187,78.2,6.94
248,ISL,1995,23.0,2.0835,4550868992.0,0.157,78.2,8.54
249,ISL,2000,17.0,2.0705,5898634240.0,0.141,79.9,10.71
250,ISL,2005,14.0,2.045,9212086272.0,0.107,81.2,14.08
251,ISL,2010,12.0,2.1904,8566635520.0,0.093,81.7,17.89
252,ISR,1990,1137.0,,29561344000.0,0.27,77.2,14.2
253,ISR,1995,939.0,2.9389,63347019776.0,0.242,77.6,16.27
254,ISR,2000,849.0,2.9464,87505076224.0,0.193,78.9,18.34
255,ISR,2005,760.0,2.8417,78560354304.0,0.168,80.2,18.8
256,ISR,2010,696.0,3.0268,,0.145,81.7,20.26
257,ITA,1990,5422.0,1.3321,663043112960.0,0.212,77.0,3.53
258,ITA,1995,4038.0,1.1924,741890523136.0,0.195,78.1,4.5
259,ITA,2000,2963.0,1.2542,754624626688.0,0.186,79.6,4.99
260,ITA,2005,2500.0,1.3426,1018960347136.0,0.175,81.0,5.6
261,ITA,2010,2226.0,1.4503,1375374934016.0,,82.1,6.84
262,JAM,1990,1875.0,2.8543,2586226176.0,0.471,72.3,1.73
263,JAM,1995,1558.0,2.8808,3662148096.0,0.465,71.5,4.4
264,JAM,2000,1270.0,2.2105,5901700608.0,0.434,70.9,7.09
265,JAM,2005,1053.0,2.063,6162405888.0,0.436,71.0,7.7
266,JAM,2010,904.0,1.7422,8536623104.0,0.417,72.6,8.37
267,JOR,1990,4466.0,5.4782,2342776320.0,0.671,69.9,3.48
268,JOR,1995,4509.0,4.6619,4262967552.0,0.642,70.9,3.62
269,JOR,2000,4292.0,3.9213,5590104064.0,0.593,71.9,3.74
270,JOR,2005,4098.0,3.779,6923740160.0,0.519,72.9,3.98
271,JOR,2010,4109.0,3.7776,,0.482,74.0,3.8
272,JPN,1990,8358.0,,1747931365376.0,0.162,79.0,12.48
273,JPN,1995,6938.0,1.4242,3379938197504.0,0.159,79.7,14.28
274,JPN,2000,5293.0,1.3668,3126995714048.0,0.147,81.2,16.15
275,JPN,2005,4237.0,,2514517753856.0,0.142,82.0,17.88
276,JPN,2010,3555.0,1.3878,3558654869504.0,,82.9,18.91
277,KAZ,1990,20024.0,2.8305,15167893504.0,0.427,64.9,5.84
278,KAZ,1995,15746.0,2.2715,12910545920.0,0.439,63.7,7.3
279,KAZ,2000,10129.0,1.9467,12089743360.0,0.377,64.2,8.42
280,KAZ,2005,8665.0,2.2434,31417905152.0,0.349,65.1,13.48
281,KAZ,2010,7294.0,2.5897,,0.278,,14.03
282,KEN,1990,100047.0,6.1294,4827755520.0,0.716,58.6,1.29
283,KEN,1995,118731.0,5.3664,5732367360.0,0.704,55.6,1.74
284,KEN,2000,120666.0,5.1369,8397364224.0,0.69,54.4,2.26
285,KEN,2005,104029.0,4.7842,10305804288.0,0.647,57.3,2.84
286,KEN,2010,83648.0,4.3667,,0.595,60.6,3.4
287,KGZ,1990,8879.0,3.8029,1505935232.0,0.493,64.3,6.63
288,KGZ,1995,7794.0,3.3221,1052534272.0,0.518,63.9,6.61
289,KGZ,2000,5341.0,2.6172,905271808.0,0.451,65.4,6.81
290,KGZ,2005,4218.0,2.6577,1353130752.0,,66.4,7.56
291,KGZ,2010,4119.0,3.0624,,0.378,68.3,
292,KHM,1990,44256.0,5.6444,806497664.0,0.679,55.4,0.19
293,KHM,1995,43529.0,4.8244,2180581888.0,0.654,56.3,0.24
294,KHM,2000,36145.0,3.7719,2415062784.0,0.602,58.6,0.23
295,KHM,2005,22051.0,3.244,3461162752.0,0.571,64.3,0.79
296,KHM,2010,15831.0,2.7736,,0.51,67.7,1.32
297,KWT,1990,,3.318,10378100736.0,0.591,,6.1
298,KWT,1995,550.0,3.0457,17230503936.0,0.597,75.5,6.3
299,KWT,2000,542.0,2.7368,24924940288.0,0.56,76.7,5.39
300,KWT,2005,552.0,2.6616,44438704128.0,0.36,76.9,4.18
301,KWT,2010,595.0,2.2566,74696785920.0,0.225,78.0,4.28
302,LBR,2000,20710.0,5.8748,349675200.0,0.685,51.4,2.35
303,LBR,2005,16430.0,5.5192,302498880.0,0.668,56.9,2.41
304,LBR,2010,13873.0,5.0583,836606400.0,0.657,59.4,1.9
305,LBY,2005,2816.0,2.7648,26033686528.0,0.325,71.6,8.27
306,LBY,2010,2211.0,2.6027,48391806976.0,0.28,72.4,11.89
307,LKA,1990,8200.0,,4523748352.0,0.469,71.9,3.15
308,LKA,1995,6894.0,2.2949,8234691584.0,0.473,72.3,5.25
309,LKA,2000,5699.0,2.1906,10793541632.0,0.462,,7.65
310,LKA,2005,5107.0,2.2834,13423388672.0,0.435,72.1,8.6
311,LKA,2010,4115.0,2.196,,0.416,,8.51
312,LSO,1990,4984.0,4.7593,306696704.0,0.589,59.4,0.39
313,LSO,1995,5537.0,4.1433,544376896.0,0.583,56.7,0.54
314,LSO,2000,6530.0,3.658,509750752.0,0.585,48.4,0.62
315,LSO,2005,7113.0,3.4381,752591104.0,0.576,43.2,0.64
316,LSO,2010,5606.0,3.2491,,,45.6,0.76
317,LTU,1995,690.0,1.5483,4987463168.0,0.318,69.3,7.75
318,LTU,2000,375.0,1.386,7626622464.0,0.263,72.1,8.58
319,LTU,2005,276.0,1.2942,14369014784.0,0.191,71.7,13.51
320,LTU,2010,190.0,1.5031,24031414272.0,0.149,73.4,15.6
321,LUX,1990,41.0,1.5977,7524668928.0,0.213,75.6,7.03
322,LUX,1995,34.0,1.7131,13816084480.0,0.179,76.7,8.3
323,LUX,2000,25.0,1.7565,14127627264.0,0.17,77.8,9.35
324,LUX,2005,18.0,1.631,20337475584.0,0.133,79.4,13.29
325,LUX,2010,16.0,1.6199,,0.109,80.6,18.54
326,LVA,1995,510.0,1.2742,3665793024.0,0.392,67.0,8.36
327,LVA,2000,278.0,1.2423,5244335616.0,0.275,70.3,7.73
328,LVA,2005,225.0,1.3831,9296753664.0,0.25,70.8,9.76
329,LVA,2010,173.0,1.3702,15366171648.0,0.231,73.0,12.42
330,MAR,1990,58561.0,4.0182,16996660224.0,0.741,62.4,2.98
331,MAR,1995,44238.0,3.33,24732241920.0,0.723,64.7,3.69
332,MAR,2000,33473.0,2.7957,25681963008.0,0.7,66.8,4.07
333,MAR,2005,26615.0,2.5682,34288537600.0,0.558,68.7,4.67
334,MAR,2010,21112.0,2.5858,,0.526,70.8,5.35
335,MDA,1990,2802.0,,2023413888.0,0.46,68.1,5.94
336,MDA,1995,2482.0,1.8307,1110804736.0,0.486,65.1,6.17
337,MDA,2000,1573.0,1.4988,851556864.0,0.396,66.4,6.68
338,MDA,2005,860.0,1.5308,1643580160.0,0.287,68.2,6.57
339,MDA,2010,771.0,1.6978,,0.284,69.4,
340,MDV,1990,782.0,6.0889,121133184.0,0.713,63.6,0.26
341,MDV,1995,495.0,4.3201,252826544.0,0.62,67.5,0.25
342,MDV,2000,243.0,2.7097,412643776.0,0.499,70.9,
343,MDV,2005,131.0,2.235,615891328.0,0.386,74.8,0.26
344,MDV,2010,99.0,2.3176,,0.406,77.7,0.25
345,MEX,1990,109134.0,3.4496,147952107520.0,0.505,70.0,3.87
346,MEX,1995,85661.0,3.0376,217850478592.0,0.479,71.6,5.12
347,MEX,2000,66873.0,2.7162,451844112384.0,0.46,73.6,6.84
348,MEX,2005,53034.0,2.4947,476488826880.0,0.426,74.4,8.41
349,MEX,2010,43803.0,2.3402,680268398592.0,0.408,74.2,9.81
350,MLI,1990,91598.0,7.2532,1510391168.0,0.674,46.6,0.27
351,MLI,1995,93984.0,6.989,1714975104.0,0.671,47.8,0.33
352,MLI,2000,94833.0,6.874,1952475904.0,0.67,50.5,0.5
353,MLI,2005,91774.0,6.7156,3434755072.0,0.665,54.0,0.68
354,MLI,2010,,6.5788,,0.666,56.4,0.78
355,MLT,1990,61.0,2.0404,1434597760.0,0.318,76.0,5.39
356,MLT,1995,48.0,1.786,2281004032.0,0.303,77.1,6.5
357,MLT,2000,35.0,1.6736,2615580160.0,0.299,77.6,7.4
358,MLT,2005,27.0,1.377,3294844416.0,0.285,79.6,7.58
359,MLT,2010,26.0,1.3729,,0.264,81.8,
360,MNG,1990,7562.0,,1442175616.0,0.491,58.8,8.08
361,MNG,1995,4997.0,2.7893,920190464.0,0.49,60.6,9.2
362,MNG,2000,2998.0,2.255,751409856.0,0.435,62.9,8.16
363,MNG,2005,2017.0,2.0282,1387904256.0,0.392,64.9,15.61
364,MNG,2010,1691.0,2.5126,,0.415,67.2,19.66
365,MOZ,1990,141665.0,6.2209,1414762240.0,0.626,44.5,0.13
366,MOZ,1995,143218.0,5.8948,1597945216.0,0.62,46.0,0.14
367,MOZ,2000,128492.0,5.8116,3315539712.0,0.6,49.5,0.2
368,MOZ,2005,112386.0,5.6087,4248099840.0,0.579,51.6,0.23
369,MOZ,2010,97695.0,5.6301,6571609600.0,0.56,54.2,0.26
370,MRT,1990,9289.0,6.056,574215680.0,0.808,59.8,
371,MRT,1995,9835.0,5.8509,896828288.0,0.799,60.3,0.93
372,MRT,2000,10880.0,5.4593,855016128.0,0.744,61.0,1.17
373,MRT,2005,11731.0,5.1902,1201440256.0,0.725,61.7,1.11
374,MRT,2010,11733.0,5.0427,,0.657,63.1,0.97
375,MUS,1990,505.0,2.2945,1494382336.0,0.515,69.4,0.63
376,MUS,1995,485.0,2.1345,2560235520.0,0.485,70.5,0.83
377,MUS,2000,381.0,1.9754,3028757504.0,0.486,71.6,0.89
378,MUS,2005,286.0,1.8826,3456075008.0,0.394,72.7,1.6
379,MUS,2010,224.0,1.5539,,0.386,74.0,1.88
380,MWI,1990,101248.0,6.8091,1059214336.0,0.718,43.3,0.23
381,MWI,1995,91529.0,6.416,885521920.0,0.708,43.6,0.25
382,MWI,2000,81317.0,6.0357,1152337408.0,0.681,44.5,0.21
383,MWI,2005,57490.0,5.9099,2010733824.0,0.651,52.0,0.18
384,MWI,2010,48186.0,5.2738,,0.597,56.4,0.15
385,MYS,1990,8283.0,3.3744,24793403392.0,0.372,71.3,2.32
386,MYS,1995,7129.0,3.3218,56209481728.0,0.347,72.4,2.89
387,MYS,2000,5250.0,2.9144,61988540416.0,0.289,72.8,3.18
388,MYS,2005,3868.0,2.328,78943461376.0,0.284,74.1,4.45
389,MYS,2010,3877.0,2.1436,,0.28,74.4,5.81
390,NAM,1990,3792.0,5.3212,1579349376.0,0.554,62.5,1.29
391,NAM,1995,3969.0,4.4264,2498222336.0,0.545,58.6,1.24
392,NAM,2000,4207.0,3.975,2583355648.0,0.542,52.0,1.25
393,NAM,2005,3928.0,3.5601,3993719040.0,0.513,51.8,0.94
394,NAM,2010,,3.6305,,0.499,56.0,0.76
395,NER,1990,137657.0,7.8064,1397058048.0,0.796,41.9,0.29
396,NER,1995,134292.0,7.7757,1191804928.0,0.797,45.8,0.36
397,NER,2000,127116.0,7.7317,1188601472.0,0.792,49.3,0.42
398,NER,2005,112458.0,7.6146,1872817280.0,0.697,53.6,0.47
399,NER,2010,94332.0,7.4854,,0.694,58.4,0.51
400,NIC,1990,9975.0,4.5963,,0.635,63.1,8.16
401,NIC,1995,7431.0,3.7752,2623683328.0,0.619,65.6,8.37
402,NIC,2000,5298.0,3.111,3375591936.0,0.592,67.2,9.28
403,NIC,2005,4046.0,2.7671,3476721920.0,0.525,67.9,9.32
404,NIC,2010,3267.0,2.6008,,0.497,,10.33
405,NLD,1990,1582.0,1.6132,176988323840.0,0.118,77.0,9.69
406,NLD,1995,1341.0,1.5355,282951122944.0,0.096,77.5,11.38
407,NLD,2000,1218.0,1.7187,272837115904.0,0.1,78.1,11.81
408,NLD,2005,1038.0,1.7095,373192228864.0,0.071,79.5,13.63
409,NLD,2010,810.0,1.7919,,0.052,80.8,15.63
410,NOR,1990,496.0,1.9298,67463917568.0,0.132,76.6,7.85
411,NOR,1995,343.0,1.8712,96334897152.0,0.112,77.8,8.81
412,NOR,2000,283.0,1.8545,113227816960.0,0.1,78.7,10.0
413,NOR,2005,234.0,1.8408,169796517888.0,0.07,80.2,11.14
414,NOR,2010,196.0,1.9389,277332197376.0,0.072,81.0,12.16
415,NPL,1990,98279.0,5.2085,2042957824.0,0.726,54.8,2.12
416,NPL,1995,80008.0,4.7847,2788838912.0,0.709,59.3,2.1
417,NPL,2000,59766.0,3.9439,3631321344.0,0.663,62.6,1.81
418,NPL,2005,40538.0,3.1423,4471626240.0,0.643,65.5,1.76
419,NPL,2010,28204.0,2.5115,,,66.8,1.75
420,NZL,1990,631.0,2.1737,25622147072.0,0.241,75.4,16.71
421,NZL,1995,505.0,1.9796,40503238656.0,0.223,76.8,17.39
422,NZL,2000,413.0,1.9764,34780356608.0,0.188,78.7,17.86
423,NZL,2005,391.0,1.9621,63095451648.0,0.172,80.1,18.57
424,NZL,2010,387.0,2.1642,94866423808.0,0.173,81.1,15.5
425,PAK,1990,596133.0,6.3637,22532950016.0,0.811,60.1,
426,PAK,1995,577784.0,5.894,38423105536.0,0.786,59.9,4.11
427,PAK,2000,521740.0,5.2567,48877420544.0,0.764,62.1,
428,PAK,2005,481834.0,4.6368,60225937408.0,0.633,62.5,4.02
429,PAK,2010,460081.0,4.2966,,0.582,64.4,4.43
430,PAN,1990,2015.0,3.0962,3168266752.0,0.54,71.1,5.91
431,PAN,1995,1901.0,2.8517,5304503296.0,0.523,72.4,8.82
432,PAN,2000,1832.0,2.7439,8132078592.0,0.513,74.0,12.53
433,PAN,2005,1668.0,2.6648,9005819904.0,,75.8,13.51
434,PAN,2010,1512.0,2.6035,,0.508,76.4,14.37
435,PER,1990,53748.0,3.9119,,0.576,65.1,13.79
436,PER,1995,37651.0,3.315,32944402432.0,0.544,67.6,15.53
437,PER,2000,23581.0,2.8451,33694830592.0,0.518,70.4,20.54
438,PER,2005,16288.0,2.6862,41221189632.0,0.462,73.0,24.37
439,PER,2010,11939.0,2.5727,,0.423,73.7,12.27
440,PHL,1990,,4.352,,0.52,65.9,6.73
441,PHL,1995,92897.0,4.042,46967463936.0,0.503,68.2,6.71
442,PHL,2000,85556.0,3.7139,53552787456.0,0.497,69.4,6.55
443,PHL,2005,80246.0,3.4897,56689164288.0,0.478,70.2,5.94
444,PHL,2010,74382.0,3.2643,,0.465,70.8,5.48
445,PNG,1990,13305.0,5.1796,1813278080.0,0.671,,
446,PNG,1995,13453.0,4.7802,2937756672.0,0.659,61.0,0.6
447,PNG,2000,,4.5247,2327368192.0,0.654,61.7,0.63
448,PNG,2005,13369.0,4.2203,2676274688.0,0.672,61.8,0.6
449,PNG,2010,,3.8827,,0.655,,0.54
450,POL,1990,10056.0,,36444520448.0,0.272,70.7,3.41
451,POL,1995,7005.0,1.6294,88340471808.0,0.227,71.9,5.47
452,POL,2000,3621.0,1.3646,113604517888.0,0.194,73.7,6.16
453,POL,2005,2831.0,1.2436,167424966656.0,0.157,75.1,9.78
454,POL,2010,2352.0,1.4075,,0.171,76.3,11.37
455,PRT,1990,1703.0,1.5558,44334198784.0,0.256,74.3,2.88
456,PRT,1995,1079.0,1.4114,74857504768.0,0.224,75.6,3.77
457,PRT,2000,808.0,1.5425,78226792448.0,0.195,76.8,4.28
458,PRT,2005,510.0,1.4134,108517089280.0,0.165,78.3,3.04
459,PRT,2010,376.0,1.3852,154234175488.0,0.127,80.0,3.26
460,PRY,1990,6338.0,4.5474,,0.605,67.9,3.36
461,PRY,1995,5551.0,4.108,5742383104.0,0.588,69.0,3.44
462,PRY,2000,4865.0,3.5533,5416985600.0,0.553,69.8,3.74
463,PRY,2005,4190.0,3.0396,4804041728.0,0.523,70.5,
464,PRY,2010,3667.0,2.7295,,0.492,71.9,3.88
465,QAT,2010,177.0,2.0874,80976527360.0,0.541,78.4,10.05
466,ROU,1990,10581.0,1.8344,21569175552.0,0.515,69.7,3.33
467,ROU,1995,6830.0,1.3433,23865253888.0,0.474,69.6,4.23
468,ROU,2000,4717.0,1.3035,24744284160.0,0.434,71.3,4.76
469,ROU,2005,3965.0,1.3942,54833459200.0,0.362,70.6,6.31
470,ROU,2010,2695.0,1.5813,,0.358,,6.61
471,RWA,1990,48136.0,6.8727,1436205952.0,0.611,48.4,0.12
472,RWA,1995,62943.0,6.324,819671872.0,0.597,40.0,0.14
473,RWA,2000,53100.0,5.9242,1146674432.0,0.563,47.1,0.22
474,RWA,2005,33442.0,5.4359,1419800832.0,0.491,57.3,0.33
475,RWA,2010,21726.0,4.5323,,0.45,62.5,0.53
476,SDN,1990,106477.0,6.1677,6988264960.0,0.746,49.7,0.38
477,SDN,1995,111883.0,5.7876,8763466752.0,0.723,52.0,0.54
478,SDN,2000,109073.0,5.38,8101307392.0,0.709,58.3,0.87
479,SDN,2005,99964.0,5.0385,14588442624.0,0.647,57.3,1.24
480,SDN,2010,91142.0,5.0172,,0.609,63.0,1.87
481,SEN,1990,42832.0,6.3963,3219482624.0,0.678,56.9,0.74
482,SEN,1995,47125.0,5.8189,3091488000.0,0.671,56.8,0.72
483,SEN,2000,48075.0,5.4978,3092895744.0,0.659,56.9,0.53
484,SEN,2005,37664.0,5.1855,4788840960.0,0.633,60.9,0.29
485,SEN,2010,30762.0,5.0642,,0.586,64.6,
486,SGP,1990,408.0,1.7949,,0.261,74.9,2.6
487,SGP,1995,284.0,1.6462,55693086720.0,0.24,76.0,8.85
488,SGP,2000,200.0,1.5575,63339614208.0,0.264,79.1,13.79
489,SGP,2005,138.0,1.2602,70079471616.0,0.151,80.4,13.7
490,SGP,2010,138.0,1.1606,,0.085,81.7,
491,SLE,2000,45033.0,6.3545,420268832.0,0.691,45.1,0.55
492,SLE,2005,43630.0,5.8072,895316672.0,0.664,48.2,0.67
493,SLE,2010,38846.0,5.3269,1693415552.0,0.658,53.7,1.22
494,SLV,1990,9826.0,3.9468,2703756544.0,0.54,62.6,4.4
495,SLV,1995,7314.0,3.5769,6020163072.0,0.527,66.3,5.65
496,SLV,2000,4958.0,3.1397,8680733696.0,0.529,69.9,6.54
497,SLV,2005,3293.0,2.4553,9401555968.0,0.494,70.4,6.39
498,SLV,2010,2370.0,2.2394,13861473280.0,,71.8,3.92
499,SWE,1990,,2.1219,145386553344.0,0.101,77.6,10.61
500,SWE,1995,525.0,1.732,167321288704.0,0.075,78.8,11.6
501,SWE,2000,379.0,1.5434,171711201280.0,0.06,79.7,13.51
502,SWE,2005,361.0,1.7738,213972484096.0,0.047,80.6,14.32
503,SWE,2010,340.0,1.9757,,0.052,81.5,14.93
504,SWZ,1990,2127.0,5.2502,627770112.0,0.627,63.1,1.62
505,SWZ,1995,2697.0,4.4867,1076590848.0,0.616,56.1,1.35
506,SWZ,2000,3606.0,3.9957,1007586880.0,0.63,47.3,0.94
507,SWZ,2005,3889.0,3.6819,1421243904.0,0.587,42.1,0.02
508,SWZ,2010,2772.0,3.3561,,0.552,46.6,1.64
509,TGO,1990,22334.0,6.1328,917092992.0,0.739,54.4,0.83
510,TGO,1995,22291.0,5.6457,829714048.0,0.731,54.0,0.9
511,TGO,2000,22312.0,5.2691,855410112.0,0.666,54.7,1.05
512,TGO,2005,21933.0,5.0694,1163330560.0,0.64,56.0,1.29
513,TGO,2010,,5.0074,,0.621,57.3,1.51
514,THA,1990,40417.0,2.0899,48063320064.0,0.437,70.4,4.86
515,THA,1995,28990.0,1.898,107266400256.0,0.428,70.9,3.92
516,THA,2000,20313.0,1.6124,83536592896.0,0.406,72.3,4.62
517,THA,2005,14588.0,1.5851,104124792832.0,0.394,73.8,9.02
518,THA,2010,10826.0,1.5759,,0.378,76.1,10.47
519,TJK,1990,21304.0,5.3422,1480814720.0,0.537,61.9,4.78
520,TJK,1995,22530.0,4.6578,780376768.0,0.583,59.3,4.85
521,TJK,2000,15881.0,4.0057,568764352.0,0.417,63.3,4.1
522,TJK,2005,10975.0,3.4376,1271784704.0,0.341,66.5,3.7
523,TJK,2010,9874.0,3.4569,,0.343,67.7,3.74
524,TON,1990,66.0,4.6435,,0.705,67.3,2.47
525,TON,1995,54.0,4.447,128347560.0,0.673,68.2,3.28
526,TON,2000,47.0,4.1078,124666960.0,0.667,69.0,4.55
527,TON,2005,42.0,4.179,142306304.0,,69.8,5.69
528,TON,2010,37.0,3.8886,,0.643,70.3,2.91
529,TTO,1990,,,2854181120.0,0.456,68.3,1.9
530,TTO,1995,593.0,1.931,3376952320.0,0.422,69.2,2.65
531,TTO,2000,522.0,1.7686,5389454848.0,0.4,69.1,3.28
532,TTO,2005,502.0,1.68,8790222848.0,0.367,71.3,4.72
533,TTO,2010,454.0,1.7008,13615101952.0,0.367,72.7,6.48
534,TUN,1990,11999.0,3.471,6921765376.0,0.558,70.1,2.05
535,TUN,1995,8143.0,2.6732,11425589248.0,0.502,72.0,2.48
536,TUN,2000,5075.0,2.0492,14192296960.0,0.394,73.7,3.77
537,TUN,2005,3649.0,1.981,17750087680.0,0.317,74.8,5.71
538,TUN,2010,3452.0,2.1049,,0.29,75.4,7.38
539,TZA,1990,175938.0,6.1954,2398425856.0,0.659,51.5,0.34
540,TZA,1995,185997.0,5.8651,3330065664.0,0.651,50.8,0.4
541,TZA,2000,173362.0,5.6862,6732101632.0,0.64,52.4,0.37
542,TZA,2005,143812.0,5.6097,9311453184.0,0.596,56.3,0.34
543,TZA,2010,124447.0,5.2929,,0.581,60.1,0.36
544,UGA,1990,148451.0,7.0372,2424138752.0,0.661,46.4,
545,UGA,1995,158173.0,6.9166,3647278336.0,0.654,46.6,1.26
546,UGA,2000,160326.0,6.8323,4093308672.0,0.64,48.3,1.75
547,UGA,2005,133396.0,6.5716,4957591040.0,0.587,53.0,1.56
548,UGA,2010,107047.0,6.0709,,0.561,57.1,1.23
549,UKR,1990,12813.0,,45874663424.0,0.471,69.8,12.36
550,UKR,1995,10523.0,1.4022,30552145920.0,0.473,66.8,16.55
551,UKR,2000,7546.0,1.1091,20661837824.0,0.357,67.9,20.43
552,UKR,2005,6191.0,1.2197,47377936384.0,0.369,68.2,22.33
553,UKR,2010,5738.0,1.4355,,0.325,70.6,24.55
554,URY,1990,1292.0,2.4327,5236892672.0,0.433,73.2,4.22
555,URY,1995,1163.0,2.4012,12228312064.0,0.434,73.9,5.46
556,URY,2000,922.0,2.1679,15084597248.0,0.381,75.0,4.5
557,URY,2005,729.0,2.0971,9549537280.0,0.366,76.2,3.67
558,URY,2010,517.0,2.011,,0.321,76.9,3.5
559,USA,1990,43940.0,2.0692,3367566835712.0,0.294,75.4,20.71
560,USA,1995,37429.0,1.9716,4856469258240.0,0.295,75.9,20.4
561,USA,2000,33312.0,2.0465,6797529710592.0,0.275,76.8,22.97
562,USA,2005,32674.0,2.0575,7201522974720.0,0.256,77.6,22.39
563,USA,2010,30050.0,1.9325,9684626964480.0,0.248,78.8,
564,VNM,1990,99288.0,3.5957,3644735232.0,0.41,69.2,1.02
565,VNM,1995,68910.0,2.6635,13139843072.0,0.384,71.4,1.56
566,VNM,2000,42745.0,2.0716,22233774080.0,0.328,72.5,2.21
567,VNM,2005,34774.0,1.9624,31698173952.0,0.3,73.3,2.99
568,VNM,2010,34308.0,1.8949,,0.315,73.5,3.27
569,YEM,2000,64531.0,6.3177,6368957440.0,0.805,62.6,0.94
570,YEM,2005,52425.0,5.5769,9214540800.0,0.799,65.5,1.21
571,YEM,2010,45912.0,4.8553,20002201600.0,0.798,67.3,1.5
572,ZAF,1990,68241.0,3.7243,63084179456.0,,63.4,0.42
573,ZAF,1995,64998.0,3.1715,98510176256.0,0.476,62.3,0.53
574,ZAF,2000,73067.0,2.4135,90125729792.0,0.459,58.5,0.53
575,ZAF,2005,84721.0,2.5125,141774503936.0,0.454,54.0,0.36
576,ZAF,2010,60679.0,2.4448,,0.44,58.9,0.32
577,ZMB,1990,63522.0,6.5331,1851940864.0,0.666,47.9,0.12
578,ZMB,1995,68539.0,6.2409,2412416512.0,0.642,45.6,0.79
579,ZMB,2000,69828.0,5.9259,2379802880.0,0.648,45.2,0.77
580,ZMB,2005,53063.0,5.7101,4582511616.0,0.617,50.7,0.61
581,ZMB,2010,43235.0,5.3629,,0.586,56.8,0.49
582,ZWE,1990,,,4946843648.0,0.605,59.4,1.83
583,ZWE,1995,35883.0,4.1539,4506184704.0,0.594,50.5,1.32
584,ZWE,2000,35389.0,3.974,4421600256.0,,44.7,0.53
585,ZWE,2005,36797.0,,,0.595,44.8,0.44
586,ZWE,2010,38616.0,4.0248,,0.592,50.7,0.38
