,Gender Equality,% Undernourishment,AgriShareGDP,CreditToAgriFishForest,EmploymentRural,%EmploymentAgriFishForest,TotalAgri,Gender Inequality,% Soldiers,Marriage Rate,Birth Rate,Death Rate,Homicides,Life Expectancy,Maternal Death Risk,Literacy Rate,Infant Mortality,% Population Growth,% Rural Population,Suicide Rate,Gini,Civil Liberties,Freedom of Expression,% Healthcare Investment,% Employment Industry,Women Schooling Years,Men Schooling Years,% Education Expenditure,% Men Employment,% Women Employment,Population
Sao Tome and Principe,,,,,,,,,,,-0.9846189497742708,-0.8128480994017292,,0.8554357653865113,,,-0.8508911832207364,-0.007210837865136228,-0.876220695108732,,,0.7018159382955311,0.6492467191230407,,-0.5461648798830377,,,,,,0.9249820907228671
Israel,,,,-0.6674047840177768,,-0.8801544173138428,0.9564354533123411,,-0.8594090798852981,-0.3303692383321778,-0.3824058789090741,-0.8706007797006313,-0.8595691884939428,0.9293821580955672,,,-0.8517557037591209,-0.6461679820744378,-0.9585561447934238,,,-0.3794764110205327,-0.6863331998739824,,-0.887516060962032,,,,0.37116783616160814,0.9411932517073522,0.9634225076345714
Eritrea,,,,,,,0.8991614213238789,,0.3142229490656836,,-0.5731966885158088,-0.8770356248844918,,0.9191464545672825,,,-0.844281622954922,0.07725998507417299,-0.879324785125981,,,-0.6403618447583956,-0.5897332504509999,,0.8663153457667548,,,,,,0.9058889689448634
Pakistan,,,,-0.8787665949576439,,-0.8774343638011639,0.9628589533197902,,-0.8378510184014802,,-0.8710663349178794,-0.8936889244059613,-0.6920561933920404,0.9480973099654911,,,-0.9180942918036655,-0.8861049164836737,-0.9402818229713708,,,-0.09048388239161789,0.21248425806825003,,0.2834344373109012,,,0.7113893737087967,,,0.9548056654747793
Lao People's Democratic Republic,,,,,,,0.9479420855669073,,,,,,,,,,,,,,,,,,,,,,,,
Sweden,,,,,-0.6892953015255173,-0.920194517597037,0.43895022457887495,,-0.8953350126389557,0.9090792700858393,-0.05902096205946553,-0.9132419124081658,-0.4380691339848498,0.9152773333373689,,,-0.8386933344364224,0.7265244294196348,-0.8348082880985865,,,-0.5663920917523877,-0.2932451444961991,,-0.9074909682228982,,,0.7846035598318702,-0.16775101179106203,-0.17060202550812625,0.890365223133668
Thailand,,,,-0.7549031849496354,,-0.8426612450034927,0.9279678449690094,,0.43829672064410763,,-0.8556554474453834,0.8190538861162379,-0.9563053467478082,0.980630337726664,,,-0.868767038479767,-0.8986979271828202,-0.972502537387171,,-0.9266253826200488,-0.7547160333376636,-0.7705918900237303,,0.8476710565462747,,,,-0.2519078322162295,-0.5089180146332092,0.8700370371374511
Netherlands Antilles (former),,,,,,-0.0625234324037227,,,,,,,,,,,,,,,,,,,,,,,,,
Dominican Republic,,,,-0.6620321884585156,-0.7637372938966841,,0.8106401405721528,,0.5709435262006725,,-0.9269880223939768,-0.4546351959934985,0.08338104285370022,0.9634689228200991,,,-0.7743249282849014,-0.9249357853143038,-0.9810767180036062,,-0.8734050463388641,0.27651247343749513,-0.4425854559988195,,-0.9523403224279893,,,,,,0.9645356352438681
Gambia,,,,-0.3610787842497992,,,0.6167607966059927,,-0.30105213824727173,,,,,,,,,,,,,0.2787412634355348,0.3992358872195313,,0.38461052950053276,,,,,,0.5816341141599212
Rwanda,,,,0.4753704150786562,,,0.8703753879329624,,-0.6857817961718727,,-0.877933537506522,-0.7252090856968337,,0.853483501124997,,,-0.8536960711316308,0.2169550912088254,-0.6024624175769352,,,0.14357589233365461,0.11034114920991073,,0.982992169263803,,,,,,0.9543237287049013
Cayman Islands,,,,,,,,,,,-0.873270398217694,-0.49830044688488057,0.3498948027316608,,,,,-0.8986542052740123,,,,,,,,,,,,,0.980486026498012
Canada,,,,-0.36867112200430857,,-0.8867723765510128,0.9531094134015669,,-0.8189051262029315,,-0.6445507741441606,0.42631957764309486,-0.6990579789549607,0.9596923776250254,,,-0.8237191801791173,0.08706252940155822,-0.8923877074713095,,,0.6979312649070729,0.7392054610023294,,-0.8553383328498039,,,,-0.2653030924086667,0.8368105383172811,0.93274638756146
Estonia,,,,0.7297988496994754,-0.9530390179117235,-0.7400674960648244,0.6328444122778636,,0.20377902816607504,-0.06456290326582684,0.3401660188017886,-0.8164863964481968,-0.8623707657700003,0.9586170039171927,,,-0.9255588034100528,0.6161288776225827,0.7454028606252073,,,0.6790573376596928,0.8725028642835749,,-0.6457793511337272,,,-0.8326034131468509,-0.20373598508009655,-0.12617973821797884,-0.8295820930165245
Brunei Darussalam,,,,,,,0.8945406247551774,,,,-0.8432407368899182,0.1529833593512609,,0.8457398299019617,,,-0.46461042971012245,-0.861064630489291,-0.8362580743458287,,,,,,,,,,,,
Jamaica,,,,-0.799924266468014,,-0.9255214706013887,0.4580133065429676,,0.14013431148282,,-0.9784455470571269,0.926188205143193,0.6792831652383375,0.5753517823186154,,,-0.9692040858492601,-0.8320175850304842,-0.9608370445834252,,,0.8528161321563822,0.9470333357490299,,-0.8808831630859465,,,0.5689263176009567,,,0.9750245251651837
Mali,,,,-0.45094756583525186,,,0.9877488858114087,,-0.6669065634742865,,-0.9548890791755574,-0.9726771538006969,,0.9771522834243435,,,-0.9575406278735339,0.48662703488722403,-0.9751245955940957,,,-0.5421893576933053,-0.5549351174532285,,-0.651273378544536,,,,,,0.9805860456077726
Timor-Leste,,,,,,,,,,,-0.878220581704444,-0.7383122063069106,,0.7882486777961399,,,-0.8139779374974025,-0.13647736311415895,-0.9099716085355699,,,,,,,,,,,,
United Arab Emirates,,,,,,,,,-0.8716228603885618,,-0.8894456185006899,-0.870220876140158,,0.9514463790677071,,,-0.9072699119871782,-0.3137720487075762,-0.9722364795260562,,,0.6719136846352515,-0.6869080532244188,,-0.8707410431701381,,,,,,0.9866576108796844
United States of America,,,,-0.7227096861152719,,-0.8366594970340738,0.918233180389354,,,,,,,,,,,,,,,,,,,,,,,,
Sudan (former),,,,,,,0.77469475424777,,,,,,,,,,,,,,,,,,,,,,,,
Curaçao,,,,,,,,,,,,,,,,,,,,,,,,,,,,,,,
Central African Republic,,,,,,,,,0.23659940875387295,,-0.7776962246211987,-0.7723419889266118,,0.6872628971031998,,,-0.7731481759022232,-0.7179883397580427,-0.753016449143302,,,-0.7310948312117798,0.09062885160224504,,-0.16166431797272368,,,,,,0.7467702067091064
Algeria,,,,,,,0.9506592157454369,,0.10968541022682676,,0.11574552710515562,-0.7034402147629791,,0.9008834567106099,,,-0.9177002583189854,0.18168352352889938,-0.8866316987738811,,,0.7752744440284042,0.39050677406572387,,0.9435207983688547,,,,,,0.85137086664284
Papua New Guinea,,,,,,,,,-0.5896210551613467,,-0.9480152377007935,-0.89538682910926,,0.8938076199735888,,,-0.8959407658361601,-0.6925085975924591,0.4680393085627705,,,-0.8303434949841031,-0.8053570632523684,,0.9706690869231785,,,,,,0.9055010767486332
Iceland,,,,,,-0.8981952837373501,0.7541737232072583,,-0.3044642152095323,-0.2747842679691255,-0.8353517993894087,-0.399417013236445,0.33997973140807963,0.8730942974074034,,,-0.8664201386757943,0.6191897176632836,-0.8614032874871345,,,0.3956685763767037,-0.33423828625176605,,-0.8563344260086705,,,0.7084899644492353,0.1700772704645889,0.6407462908440649,0.8955838550701646
Malawi,,,,,,,0.9790784742848518,,-0.1351673807530869,,-0.9249413217458482,-0.931719973076211,,0.9474862446818468,,,-0.8171443376716842,0.4547723206604472,-0.8118992655371807,,,0.5366329019303346,0.4883461047471261,,0.23990055851463454,,,,,,0.940581770840571
Romania,,,,,,-0.9418280209025142,0.8752644450272167,,-0.4858791934402222,-0.01135847719894946,-0.3670750907250819,0.7919764237369947,-0.9168084848729237,0.9340301489938987,,,-0.9532112069125939,-0.40330854947994976,-0.49525956936960747,,,0.7182611327811327,0.34820253182840816,,-0.38051999394785524,,,,,,-0.9467731568033455
Grenada,,,,,,,,,,,-0.7951842829557583,0.8291442848252548,,0.5968768322836632,,,-0.23292475586622002,-0.0693181250560967,-0.8370401796608784,,,,,,,,,,,,0.9679385851429791
Serbia,,,,,,,,,-0.7849978575014005,,-0.5479642534378795,0.5263914774328645,,0.8005320611773216,,,-0.5163532521201863,-0.3661562257912929,-0.699762516211114,,,0.3723242978487985,0.04565050251980532,,-0.8138974773077958,,,,,,-0.7867432642053971
Trinidad and Tobago,,,,-0.4504863845116741,,-0.9099313896031449,0.6559466402511868,,-0.29762016329731183,,-0.6087043638824755,0.7541874301856429,,0.9363482651134577,,,-0.8835791657495327,0.36615954248749905,0.7497524087609286,,,0.7702438784962573,0.11427464123018218,,0.8355409005223642,,,,,,0.8920943641453926
Turks and Caicos Islands,,,,,,,,,,,,,,,,,,-0.7996005438996521,-0.935538275482045,,,,,,,,,,,,0.9708403015213263
Japan,,,,,,-0.6351704500821747,0.23393952116847183,,0.2071879081786428,-0.3887761302651275,-0.5281079681323104,0.5677595056008526,-0.462622610993909,0.5481054349556321,,,-0.5721475812210082,-0.6427684754065123,-0.5853653423054537,,,-0.19002790441811426,-0.20774431201494,,-0.5750022001327305,,,-0.48519732445098096,-0.5780308560987417,-0.3685382085038218,0.5724031861362863
Tajikistan,,,,,,,-0.05076131401010151,,0.2005008536522528,,-0.23944075329517106,-0.7829530735558266,-0.5239713166478035,0.8639934331669217,,,-0.8346451673277866,0.8657627950493545,0.3141645722032036,,,-0.40335622470732174,-0.10355229215520824,,-0.6389978268073415,,,,,,0.8972786067593064
Viet Nam,,,,,,,0.93869049155713,,,,,,,,,,,,,,,,,,,,,,,,
Gabon,,,,,,,,,-0.8019522932090548,,-0.6182717900282902,-0.8661825225112536,,0.7423013975452262,,,-0.9098726903817098,0.7135810649416333,-0.8625074712542659,,,0.7512764753744252,0.8638231471774511,,0.9484342813111817,,,,,,0.8817625710233835
New Caledonia,,,,,,,,,,,-0.8998575110000437,0.142032481703261,,0.8864271711067805,,,,-0.6966355759655616,-0.9392479133019627,,,,,,0.5536391355986007,,,,,,0.9236218913374197
Uruguay,,,,0.8182929710228832,,,0.8979994535054674,,-0.8340058329335496,,-0.7753843388790791,-0.25684721293604246,0.7204979657689566,0.8396575220271747,,,-0.8663140619602299,-0.11425399564063328,-0.8184509324625131,,-0.6087070259739417,0.1476209621565481,0.633672305160906,,-0.7108178917093814,,,,0.6639196479319353,0.9354364041087498,0.817537682639436
Saudi Arabia,,,,,,,0.9549827449676588,,-0.9342460922408393,,-0.8910697751984569,-0.6991626636683201,,0.8685598371299407,,,-0.8713627398165503,-0.1824646275387762,-0.9272485393943749,,,0.9163448202908772,0.4880353540812005,,0.870310960215747,,,,,,0.9621888461775384
Malaysia,,,,0.62055524713472,,-0.8369209026821767,0.912160868324596,,-0.8793674203660369,,-0.8374498522982426,0.6648262880774402,-0.09878695873421829,0.9634035906812177,,,-0.7252854515009141,-0.9604379247692946,-0.9277686354999048,,,0.5751036964532515,0.8241288453128304,,-0.7425331174736409,,,-0.23196798174462788,-0.7160121352133645,0.8543453107861646,0.9516346467415252
India,,,,0.9072947948201605,,,0.9882506658168685,,0.48231076352503466,,-0.9486445692503912,-0.8350377917360595,-0.9055711152642854,0.9386508557464408,,,-0.94517636261507,-0.9693255719419677,-0.9793019574219051,,,0.37244909082531613,-0.7924665077223321,,0.956177099041507,,,,,,0.9409435435711218
Uganda,,,,-0.05784630889035808,,,,,-0.8348085118949339,,-0.9437621726979293,-0.9410787720991388,,0.9555470170136441,,,-0.9341890692027275,0.5534199624754461,-0.9463139638427809,,,-0.5860897219494378,0.20105474926757105,,-0.218537768272585,,,,,,0.9484398725605362
United Kingdom of Great Britain and Northern Ireland,,,,0.20842608734604784,0.8049068753470976,-0.907652681397595,0.6265205286925628,,,,,,,,,,,,,,,,,,,,,,,,
Yemen,,,,,,,0.822301556322651,,-0.47770987219528654,,,,,,,,,,,,,-0.22072072197498097,-0.17350547485804627,,0.939671527627314,,,,,,0.8537112274513582
Austria,,,,,0.9008755235975241,-0.8698475947531689,0.6151263017278044,,-0.8636379566252892,-0.531194385467705,-0.681236409118636,-0.6289542936347348,-0.536463204775452,0.9382267731950896,,,-0.8639690264491462,0.03705083322640181,0.8978601491529846,,,-0.41115447487948176,-0.4364495136028305,,-0.876897357151802,,,-0.2983460511515512,-0.8005010077800244,0.9446282636173116,0.9020057377096918
Belgium,,,,,0.7181531532999329,-0.8393617581928938,0.8767427159603511,,-0.6856983741495439,-0.7304228369847753,-0.4448249020785471,-0.6915248415673915,0.16439464240533555,0.95140636497547,,,-0.8355173293121011,0.6940969878630592,-0.9224543957039246,,,-0.4730371995835905,0.6855531137663797,,-0.8982393408116887,,,,-0.7775270517792794,0.9248994063983367,0.9289479989011215
Haiti,,,,,,,,,-0.9589417516343954,,-0.9535982944190079,-0.9569338383608067,,0.9698934813034757,,,-0.8166014847503803,-0.9486904733576437,-0.962728739917994,,,0.0614855842545025,0.6764721015263057,,0.7873911484342584,,,,,,0.9660559647505869
Namibia,,,,,,,0.783526378332312,,0.02495341998067244,,-0.6718885263678851,-0.3122139712322135,,0.43924840193228415,,,-0.9337604708161699,-0.42935747860558626,-0.9424770515963616,,,0.7102792878679741,-0.11695634188015706,,0.42775575661634846,,,,,,0.9237539796370486
Benin,,,,-0.1836413174401289,,,,,-0.49670409158316897,,-0.9447472740440871,-0.9391939249217682,,0.9727545315453319,,,-0.9179932235979341,-0.7918821721779754,-0.9721396383830126,,,0.6278436054881188,-0.737512812294361,,0.6091330615358186,,,,,,0.9703953937463106
"China, Macao SAR",,,,,,,,,,,,,,,,,,,,,,,,,,,,,,,
Nauru,,,,,,,,,,,,,,,,,-0.5963713606337873,0.3234906300037585,,,,,,,,,,,,,0.4054341017563028
Saint Lucia,,,,,,,-0.37799569570830577,,,,,,,,,,,,,,,,,,-0.7048838833871304,,,,,,0.9639242972111591
Saint Vincent and the Grenadines,,,,,,,,,,,,,,,,,,,,,,,,,-0.8886761840354166,,,,,,0.7958528048400189
Mexico,,,,,,-0.9214313639591571,0.9527650032425404,,0.6652526885531718,-0.9336003215207577,-0.9528979448370137,0.5474054140404119,0.3791944061742223,0.829566694391041,,,-0.9503400434503055,-0.8302886921443907,-0.9467311902197358,,,0.6622986408165106,0.8068716315415465,,0.6563506027883961,,,0.051018531244393005,-0.8943725464694631,0.9506190954275472,0.9456904792333986
Palau,,,,,,,,,,,-0.793036765786152,0.663207336400605,,,,,-0.9751035074444361,-0.5584704499533496,-0.8940008717784901,,,,,,,,,,,,0.29456968267617567
USSR,,,,,,,,,,,,,,,,,,,,,,,,,,,,,,,
Liberia,,,,,,,,,-0.6935137219481061,,-0.95025095626545,-0.8807154380180436,,0.9093901505656186,,,-0.8155522316055752,-0.00498045227285902,-0.3659369194444416,,,0.6903439793155534,0.6998689518851093,,0.8267814482403957,,,,,,0.9403670064842944
Azerbaijan,,,,,,0.24679144035352338,0.9895947057184644,,-0.1832206793458383,,-0.1449939630052906,-0.45035898480152814,-0.5710169100417143,0.8697120237755899,,,-0.8509080280647006,0.27050584563900226,-0.6845490170519353,,,-0.4623526691286956,-0.8084388027468092,,0.8541914745765042,,,-0.7248079755113059,,,0.8142022161531837
Solomon Islands,,,,,,,,,,,-0.8371720489106013,-0.8980851730794104,,0.9371659854634445,,,-0.9608194046731899,-0.3160883859322247,-0.9781940764818555,,,0.09268221067490502,0.9158493171554003,,0.7608328487526407,,,,,,0.9680278009761121
Fiji,,,,,,,0.8947159401711322,,-0.5868911904224655,,-0.8554087181771669,0.9402387875982607,,0.9342452307549833,,,0.16774191472924743,-0.38962274902624017,-0.9362533427516747,,,-0.43063788355731375,-0.5832383510592947,,-0.8193731886936797,,,,,,0.8919102374748262
Kiribati,,,,,,,,,,,-0.8029055220574409,-0.8934759382943139,,0.9487796752526961,,,-0.8623327130030526,-0.13439029822546536,-0.9289628199891381,,,,,,,,,,,,0.9663568868828272
Armenia,,,,,,,0.9619302524609501,,0.20159862291092578,,-0.28149206506165797,0.971010905723261,-0.5601265794559513,0.8770787853020021,,,-0.9051187706044855,0.7253047280131804,0.8307547379833802,,,0.8305587076678165,-0.14417177593971992,,-0.5938985382596783,,,,,,-0.7381473401784107
Oman,,,,,,,,,-0.934107774374779,,-0.7639173126169236,-0.8341805674997459,,0.9035276763735491,,,-0.7596891440126757,0.6417017929500903,-0.8736424177181752,,,0.8207548034017716,0.8596185136981146,,0.9614504015155303,,,,,,0.8876767218990674
Argentina,,,,0.22331224186349527,,-0.49605947814293777,0.9339674117642055,,-0.27687349644031956,,-0.6619429689894677,-0.6977464083586097,,0.7282170482743143,,,-0.6908682811984963,-0.32525254867792275,-0.7182896520779176,,-0.7856993850880157,0.3925420233165521,-0.6556551949759978,,-0.18068495971160953,,,-0.666763005659782,,,0.7379316218184823
Colombia,,,,,,0.5903049865869249,0.7301908595335114,,0.7792007747527261,,-0.8969852495342657,-0.006698925378892214,-0.8960915024058826,0.8809434975937713,,,-0.8797646060475228,-0.8262387221863599,-0.8941612740378728,,-0.48279709494914175,0.8708192553449093,0.7096175351044401,,0.7435619614678053,,,0.7939008106832125,,,0.8808253184627445
"China, Hong Kong SAR",,,,,,,0.7694505868686511,,,,,,,,,,,,,,,,,,,,,,,,
Myanmar,,,,,,,,,0.4151709896453931,,-0.9525688705677672,-0.9179772709821089,,0.9348854698305799,,,-0.9177723929536782,-0.7271886920093575,-0.9190301718767485,,,0.9417653636194377,0.9542050288793148,,0.8785817225234137,,,,,,0.8794628783666623
Guatemala,,,,,,,,,-0.833159449833532,,-0.958837785097456,-0.8555839601667523,-0.18925951577683003,0.9300658157401598,,,-0.9220544561979582,-0.9581703799777463,-0.9661481483521573,,,0.7122515687158718,0.5786797836571252,,-0.7273524106021909,,,,,,0.9811733833518437
Spain,,,,,0.13849480210193424,-0.8858234693513122,0.9299735944156273,,-0.8697061005969077,-0.8793718183296212,-0.014990774600843361,-0.3371880757683001,-0.7295378070549625,0.8802061424907012,,,-0.8390956178674034,0.13150745690511922,-0.8397051581127372,,,0.02227465271011972,-0.44121720660584945,,-0.7586372066327308,,,-0.07552672977970502,-0.1197815698977536,0.9354816143792688,0.9603797610659814
Türkiye,,,,-0.4010502398528947,,,0.9439164820040548,,,,,,,,,,,,,,,,,,,,,,,,
Mauritius,,,,,,-0.9475105919376615,-0.009711286069877832,,0.8373664059783179,,-0.9630407735033697,0.8721864657154541,0.02932240083882118,0.9573425404808525,,,-0.7816647120117164,-0.9168860633903009,0.9631819131125502,,,-0.2921560852283226,0.7414489435115034,,-0.9393028515859887,,,0.3789457397694142,,,0.8859026035456624
Puerto Rico,,,,,,,0.7484057186157136,,,,-0.9411314091309085,0.5350393525734602,0.1131754110156427,0.9756459472772403,,,,-0.6700810833523018,-0.17215941330267528,,,,,,-0.968087542647315,,,,,,-0.36934751842577074
Liechtenstein,,,,,,,,,,-0.6033494627745212,-0.8902358418687901,0.09133517510651673,0.47740681785019057,0.8980957067721974,,,,-0.8694291318743149,0.8715338306696059,,,,,,,,,,,,0.9545377655988969
Ireland,,,,,0.37977790808597894,-0.857271467994139,0.8294191565598148,,-0.864333985961312,-0.05690115100526382,-0.24368142484137909,-0.8922204161482195,0.129260557268988,0.9619914489527417,,,-0.9502333780391163,0.303111355595758,-0.9635172793953766,,,0.6462792483566664,0.6136298124793571,,-0.8076550020936963,,,0.48558814392438004,-0.007106474770571903,0.8153982444741334,0.9617263862856793
Italy,,,,,0.4005488780686522,-0.8250410739564437,0.4779287740979002,,-0.7830089468395504,-0.828254367067626,-0.3785229299799234,0.48296990822824304,-0.672321465137552,0.8470297783323263,,,-0.7998679541471184,0.26078963058326304,-0.6874717687405922,,,0.3297502180315771,-0.14996823353010288,,-0.8360374667955511,,,-0.3950249712349716,-0.5952677860732225,0.9132199715372404,0.8308935569672716
Senegal,,,,-0.8429700836789796,,,0.8500003300967304,,-0.7156405954000818,,-0.8645103890205498,-0.9781755110641696,,0.9818392776738305,,,-0.9760354613989858,0.3976632804943017,-0.966614783425399,,,0.791093237715697,0.7754762154397876,,0.9447988303650455,,,,,,0.9479437827512616
Bosnia and Herzegovina,,,,,,,0.9479492116605231,,-0.7150366834391221,,-0.8452313417628115,0.8996977382528295,,0.8646955630157327,,,-0.7305970657612416,0.22713602629746552,-0.9151464343822105,,,0.6730362870468631,0.4949736332043306,,-0.2299580075382857,,,,,,-0.6593996192654177
Bahrain,,,,,,,,,-0.7238674456933925,,-0.92791822443044,-0.8614206008643528,,0.9481720307917014,,,-0.8502689400993565,0.06035597343260644,-0.9042297681143995,,,-0.81853577054171,-0.012379855040042879,,0.878239724807991,,,,,,0.9872559936668003
Cook Islands,,,,,,,0.5234098147077388,,,,,,,,,,,,,,,,,,,,,,,,-0.5920375905606262
Latvia,,,,,,-0.9600231078363293,0.425796084042982,,-0.03985034672067342,0.4079335445368094,0.2822423711980764,0.2524894151984877,-0.9195949164202204,0.8814153140093456,,,-0.9332713553741775,0.16381455737693298,0.5885779643120232,,,0.41061323181417275,0.7259622724494984,,-0.6034423421864652,,,,,,-0.9102135410730294
Dominica,,,,,,,,,,,,,,,,,0.9329930625442184,0.24054896908581155,-0.9652084661040273,,,,,,,,,,,,0.6264853957687866
Netherlands,,,,,0.5465291776154894,-0.7802639176579583,0.7455352704830047,,-0.8389680376083439,-0.9175800867250685,-0.9224020774267768,-0.5280265892433794,-0.807466905973882,0.9530224963645846,,,-0.9404572400768405,-0.5704568143721117,-0.9495380424735029,,,-0.5843061149448233,-0.5859155175225148,,-0.927734217889042,,,0.782794018989295,-0.17406625691365643,0.8347761921428881,0.9363430196228832
Panama,,,,,,-0.6305396629457602,0.9499926756843659,,0.26902702345704377,,-0.9130119670667024,0.886616434398228,0.11542125211258501,0.9245707033428424,,,-0.9392973084821313,-0.8847707214327917,-0.8272072857748691,,-0.9249308415110846,0.362899582335661,-0.815222656277937,,0.7267481771440277,,,,0.1759272621068219,0.7772468967581363,0.9370295127729072
Nicaragua,,,,,,-0.641737215450717,0.9853092801216923,,-0.7608506584116413,,-0.877154512289296,-0.6524168884825304,-0.8075965427293779,0.9055421332398244,,,-0.891968781223335,-0.7637961203442339,-0.9597623527630463,,,-0.6099209731389085,-0.9259814079001585,,-0.8156010972093719,,,,,,0.9551229551017553
Tonga,,,,,,,,,,,-0.8900071814892238,0.7773108179708678,,0.9138552129929718,,,-0.8759767138281399,-0.07680907420021965,-0.720693328295962,,,,,,-0.2137654563969367,,,,,,0.8343466091875985
Syrian Arab Republic,,,,0.1494407859701725,,,,,,,-0.26759023837188606,0.00216321245317897,,0.15584492760122837,,,-0.575759935490478,-0.10464326237691747,-0.6962287770028218,,,,,,,,,,,,
Costa Rica,,,,-0.4444448302060715,,-0.8094130375608419,0.9461346277012234,,-0.6822376868915324,-0.8650878880435598,-0.8322942742664452,0.9891184735928701,0.8905664279222677,0.9491545248468962,,,-0.9270347027165686,-0.8700571731182054,-0.9604077250180633,,0.36059108803420337,-0.31704109049047713,-0.7270984301986083,,-0.9267968032111741,,,0.8920907450612336,-0.9562197196177756,0.6453624567679724,0.9271127373607247
Nepal,,,,0.9242780938209664,,,0.9818859265171862,,0.4312121824256568,,-0.8802773516366372,-0.756003008550033,,0.8743616065457864,,,-0.8522339245643433,-0.5452712625014646,-0.9179523574652427,,,0.7599905874129846,0.20480390514167546,,0.4671703827455618,,,,,,0.832870457800653
Sint Maarten (Dutch part),,,,,,,,,,,,,,,,,,,,,,,,,,,,,,,
Bermuda,,,,,,,,,,,-0.8775031014714598,0.058132194587572565,0.6046469150114127,0.9541625075715936,,,,-0.32761997042528607,,,,,,,,,,,,,0.1840061730300657
Jordan,,,,-0.5073311537866557,,,0.9836952243030974,,-0.9271917570322713,,-0.9785249675491413,-0.7279591752670509,-0.22362222675087692,0.9418097589750395,,,-0.9313195516796565,-0.11766920860796193,-0.9887001859881624,,,0.6163781338916796,0.9542612997490418,,-0.9001852223101132,,,,,,0.992876484832665
Albania,,,,,,-0.9555783536286176,0.9691116287084908,,-0.9091071894338538,-0.3815402139225734,-0.8788097122606306,0.8589366345683022,-0.43035195315378416,0.9592643573773202,,,-0.961238650790801,0.5252734509982505,-0.9643095872064877,,,0.871032195281096,-0.28635641162633796,,0.9188995639663897,,,,,,-0.925255934044178
Niger,,,,-0.44598849680143654,,,0.9921375972684119,,-0.6719466783496582,,-0.9656406498751008,-0.8979696267932438,,0.9215383570480368,,,-0.8734136621183843,0.7070638609574771,-0.6434312001276836,,,0.644975377578329,0.7521541082376982,,0.8764519253277309,,,,,,0.9629829737695624
Turkmenistan,,,,,,,0.41673225805262937,,0.25168680381990155,,-0.39674387258651056,-0.8526644585256331,,0.9803180463484493,,,-0.9080964308758722,-0.17545254541872732,-0.973274512032446,,,0.2750793584199632,-0.30685048330512144,,0.21403554240669195,,,,,,0.9470673083829428
Mongolia,,,,,,-0.9135987457869571,0.9433899766937491,,-0.5174944392274622,,0.25077524135194446,-0.7621520026332886,,0.9290019495575627,,,-0.8491282395735689,0.8309700327219287,-0.9281515672442628,,,-0.48406358412804185,-0.7992880028678675,,0.8955631283876051,,,,,,0.9497395314024015
Honduras,,,,,,,0.9110293513409977,,-0.7304854353117527,,-0.9726357055870978,-0.8517609811276579,0.5470820057847061,0.9476340358869815,,,-0.9259917130211972,-0.9878142462888037,-0.9873846552567921,,-0.650104296556722,0.3432945175876515,-0.48991015232143326,,-0.1911208721056515,,,,,,0.9770854875912341
Republic of Korea,,,,,,-0.9134754482198475,0.8839602137020852,,,,,,,,,,,,,,,,,,,,,,,,
Zambia,,,,,,,,,-0.8701531268847525,,-0.9080905915273658,-0.9564623782853406,,0.9346997091575351,,,-0.9038852794355,0.8732496623903271,-0.8062247193246143,,,-0.4392955607856854,-0.425113460198996,,0.20108827850195335,,,,,,0.9006959289662738
Bahamas,,,,,,,,,-0.6197139926650316,,,,,,,,,,,,,,,,0.07809678322623921,,,,,,0.9454282872671075
Republic of Moldova,,,,-0.5685733342572756,,-0.8875439886905409,0.8854234544820158,,,,,,,,,,,,,,,,,,,,,,,,
El Salvador,,,,,,-0.3485925167011095,0.9139290680800687,,-0.4926832085660929,,-0.9497985873496984,-0.397811290391834,-0.7070034364455612,0.9751962514750924,,,-0.9618101468880941,-0.8265302764425306,-0.9917968383362447,,-0.9580505910922094,0.546173996753518,0.6440250020975135,,-0.885102792207349,,,,,,0.9715646210658514
Botswana,,,,0.7734853135438676,,,-0.31057251473212694,,-0.8712515134484705,,-0.9050817566491122,-0.7572284051389955,,0.828702076348998,,,-0.584643281857004,-0.6114284460495549,-0.9657489921953591,,,0.732856870626991,-0.3665300701572425,,-0.900795478260191,,,,,,0.9628570478738541
Switzerland,,,,0.9396807558745409,,-0.9166980828448635,0.5754045261729588,,-0.32792621432346036,-0.7133900061822632,-0.5729235906036909,-0.79440478180027,-0.913412207665415,0.9299533464215375,,,-0.8407666924719174,0.4574594952234754,-0.3699193278076204,,,0.5435141928069147,,,-0.8852678559494848,,,-0.18944699892172087,-0.8963024103907385,0.8611838876235216,0.960452745494202
Georgia,,,,,,,-0.5306232130158595,,0.357251711401339,,0.12424952878870071,0.7187663222817923,-0.6917877212048227,0.9256762692069265,,,-0.8912946873511751,0.522199646816499,-0.8926674829412357,,-0.22306265437813225,0.8046418028941114,0.7095241322484991,,0.4582030471044374,,,,,,-0.6476867516656366
Bhutan,,,,,,,0.9576060363139773,,,,-0.8790378837082956,-0.8103094150926804,-0.3139396296787003,0.9209803409872838,,,-0.9064850218650135,-0.046007734282985144,-0.9506024087099938,,,0.9150920728881703,0.8934878750773966,,-0.5310748010630756,,,,,,0.9626509824294527
France,,,,,-0.2760348767603759,-0.8906295745027971,0.862160635326326,,-0.8545366085800828,-0.8270243623194561,-0.5655356793705046,-0.4475578890975511,-0.8219063224570691,0.9355162133572638,,,-0.7826622239943747,-0.22303449825286334,-0.8939227391482558,,,-0.257983322082331,0.7116376204334093,,-0.920995016183413,,,,-0.6359755801617878,0.9291253178855545,0.9217717020117276
Monaco,,,,,,,,,,,,,,,,,-0.8821895201222575,0.20335320426135983,,,,,,,,,,,,,0.9498970616815088
Tuvalu,,,,,,,,,,,,,,,,,-0.9632637902958928,0.44286438405354406,-0.985030598894746,,,,,,,,,,,,0.9890977577888592
Kyrgyzstan,,,,0.9498397544161232,,-0.8264409868175284,0.9231529124565551,,0.5363021772253067,,,,,,,,,,,,,0.39000326467145185,0.7303874436084424,,0.5171958112822311,,,0.4701275081597438,,,0.9230400678074245
"China, mainland",,,,,,-0.8895103031746849,0.9375020061049721,,,,,,,,,,,,,,,,,,,,,,,,
South Sudan,,,,,,,,,,,,,,,,,,,,,,,,,,,,,,,
Lebanon,,,,,,,0.8707765637885347,,-0.6709109931525237,,-0.7343113317531019,-0.6712889616339438,,0.8998342218536362,,,-0.922706511279293,-0.19711602456288074,-0.9467401929580378,,,0.9122169770490917,0.7560999918695287,,0.7395969552984959,,,,,,0.9786930742234013
Ethiopia PDR,,,,,,,,,,,,,,,,,,,,,,,,,,,,,,,
Peru,,,,,,,0.9944693676133085,,-0.7823909140704027,,-0.8819421628236401,-0.5262438048881326,,0.908247050602143,,,-0.8363815713592405,-0.35278331456366835,-0.8978364367473678,,-0.965170641479984,0.6803128762400699,0.6025418840970844,,-0.936686794259704,,,,,,0.9119353804626539
Czechia,,,,0.6443603734854357,,-0.9166291535747165,0.8228472736942979,,-0.726582920619583,-0.5380916134150846,,,,,,,,,,,,0.23019061019219053,-0.6242739470468541,,-0.6941597600975318,,,0.3900790437166159,-0.12709394738886895,0.025379202366553374,0.8011426526195571
Marshall Islands,,,,,,,,,,,,,,,,,-0.9787558150242386,-0.39474871436080794,-0.9652380577740893,,,,,,,,,,,,0.9291026544670341
Comoros,,,,,,,,,,,-0.8794029228664548,-0.8952613506841334,,0.9184045723258439,,,-0.9050367231518436,-0.773313976681299,-0.43923930665204547,,,0.6775026386109555,0.4663421342589261,,-0.6031615739660421,,,,,,0.9370641807326998
Madagascar,,,,,,,0.7373931075691927,,-0.8950672847791467,,-0.9623490352172719,-0.8926181543318994,,0.9224460146925216,,,-0.9171853423503897,-0.9042737296467528,-0.9690854047438341,,,-0.2361869808228328,-0.620216630655902,,0.6937140579226354,,,0.761349363590794,,,0.9656707783092898
Lithuania,,,,,-0.8653350285199062,-0.9842779477588054,0.9273396844756058,,0.8811068362158663,0.3595746185204147,-0.4209143355372849,0.8887009424021677,-0.6849732522905304,0.8631377970762097,,,-0.9164967834425023,-0.3830836339683455,-0.11646357174078316,,,0.7266106754695303,0.5084057806623409,,-0.6671654499579022,,,-0.5984264130201891,,,-0.9625128650436874
Morocco,,,,,,0.6882183900922652,0.9258696213984096,,-0.9185993292848399,,-0.8105098602112333,-0.9465063493575618,0.11551418419705071,0.9738629786775023,,,-0.9577621839575761,-0.36509202882747765,-0.9662930938638223,,,0.7389359478441261,0.7583457342543964,,-0.2920102109623943,,,,,,0.9611100110690138
Bulgaria,,,,,,-0.8137618419878291,0.9042457612734704,,-0.8163845633508091,-0.56249315388579,0.07476817796306083,0.7906055866266498,-0.895377236185091,0.9296590496585827,,,-0.9716656638839001,0.056598713995388135,-0.9516646483632173,,,-0.27984923992057514,-0.8171761528731591,,-0.6074473720641311,,,,,,-0.9079675775364309
South Africa,,,,,,,0.9700586937152201,,-0.4374308843938509,,-0.613178305684097,0.1338836517175118,-0.8738528458839684,0.13930915907744748,,,-0.8047974581553254,-0.4873239395497133,-0.8845002882540479,,,0.45616254915282767,0.4113752744610085,,0.18956931829449794,,,,,,0.8601820831249812
North Macedonia,,,,,,,0.8742251323223296,,-0.4461705108696256,-0.6014190195385919,-0.8816544656066903,0.9153029228751444,-0.841554786287287,0.9573336493199509,,,-0.8008709778308488,-0.1545395845725413,0.6248539953404829,,,0.5167668346869014,-0.13191623923372744,,-0.7162066492936757,,,,,,0.8657161941295604
Norway,,,,,,-0.9256991768698385,0.8483720184410614,,-0.6976283581668917,-0.2759078268480993,-0.7289961058135599,-0.8908624339229616,-0.24624953803383937,0.8861927928255949,,,-0.8558948573127979,0.849276871939602,-0.8629721879116147,,,-0.17738454247550078,0.529516622607203,,-0.890810809465208,,,0.408801555343533,-0.38167484398586526,0.20060039381876316,0.835876116934525
Djibouti,,,,,,,,,-0.38679789067934944,,-0.8324629213683311,-0.983334199472446,,0.9976880617377545,,,-0.9127661326251638,-0.3269822499748373,-0.9529285990106864,,,-0.14029885381751514,0.5583820786556501,,0.8099699361189348,,,,,,0.9017277447288057
Democratic Republic of the Congo,,,,,,,,,,,,,,,,,,,,,,,,,,,,,,,
San Marino,,,,,,,,,,,,,,,,,-0.7309660786025232,-0.057025006497880976,-0.6551348487997845,,,,,,,,,,,,0.61342636678224
Nigeria,,,,-0.6364657576555908,,,0.6366465656586887,,0.49121539004968984,,-0.8738759200047407,-0.953041055867106,,0.9480281415205403,,,-0.9270993456635757,0.8226821837986181,-0.9339920297873638,,,0.6836632420940886,0.7100472017981475,,0.5175983829601377,,,,,,0.920251223143349
Bolivia (Plurinational State of),,,,0.2612512213991556,,0.26403920186574575,0.973172119996199,,,,,,,,,,,,,,,,,,,,,,,,
Ecuador,,,,,,,0.9548146215823781,,-0.9046225977837946,,-0.9101249263390988,-0.5702136081464819,-0.4247683958171315,0.9051922158866818,,,-0.8627811659521206,-0.737961505262645,-0.8488421964254264,,,0.8457792895626367,-0.5750428141104945,,-0.763126271735284,,,,,,0.9504856651135284
Iraq,,,,,,,,,-0.4014285953278806,,-0.8783080988597968,-0.8217614591562165,,0.672981484594364,,,-0.9158896122239119,0.07878892568318703,-0.7308170687446933,,,0.662736367027878,0.8077474524026371,,0.5350394334212363,,,,,,0.9064939263293466
Saint Kitts and Nevis,,,,,,,,,,,,,,,,,,,,,,,,,,,,,,,0.9901027663823507
China,,,,,,,0.9647156783184874,,-0.8447224672542307,,-0.6526594717908802,0.8261473974269877,-0.9455110626415677,0.9368537706502913,,,-0.8769487980279568,-0.6946089469506169,-0.9479007236126149,,,-0.0034509327562802913,-0.9308494187992679,,0.8057635443390927,,,,,,0.8991381029190092
French Polynesia,,,,,,,,,,,-0.8045341189367682,0.16470230805290403,,0.8372903488164055,,,,-0.9162398440802667,-0.7224243540049851,,,,,,0.5045907261986283,,,,,,0.840044926806527
Samoa,,,,,,,,,,,-0.9485672488493911,-0.9451941764481032,,0.9719889190766977,,,-0.8291308287522883,-0.09477400642222253,0.8882886930935905,,,,,,-0.8516189120557924,,,,,,0.9673419957935364
Somalia,,,,,,,,,,,-0.2878033432845008,-0.5022126408950509,,0.4999803698893169,,,-0.14550164089766346,0.6550089654518295,-0.29830256877163314,,,0.05134193100748261,0.4470829838736269,,0.3868783829653988,,,,,,0.36544422634059975
Andorra,,,,,,,,,,,-0.6405161835716928,,,,,,-0.8249807659381311,-0.4194911966088002,0.8927872934145177,,,,,,,,,,,,0.9561548427051954
Cabo Verde,,,,,,,0.7885583410726646,,,,-0.8967422930719693,-0.7981033325609088,,0.9266054304710263,,,-0.9093763831894711,-0.8836023310097157,-0.955561198773846,,,,,,,,,,,,
Belize,,,,-0.09656441727621211,,,0.9113100309974679,,-0.8376782550652616,,-0.9795963142116634,-0.8722672399364255,,0.8487591790465285,,,-0.9437831044145782,-0.37336666635243376,0.6216350983246611,,,,,,-0.6224381947964703,,,,,,0.9871351963538927
Vanuatu,,,,,,,0.9074439213155159,,,,-0.9141879236885221,-0.8500392612268846,,0.9219454154993005,,,-0.6289074474221572,0.2801453218611779,-0.9252406581354996,,,0.08968891920392782,0.7175361978388057,,0.7478605296069651,,,,,,0.9667426976924325
Denmark,,,,,0.10841980673863232,-0.8797652023936267,0.6935631102165868,,-0.7096055492849576,-0.6330556363576648,-0.8712617674981151,-0.9323216583557484,-0.4016941990480271,0.9281158639932937,,,-0.9049144353517433,0.4831849662114654,-0.9326489758920002,,,-0.32051659097892243,-0.28541803473103894,,-0.9199101235114555,,,0.4574678958400302,-0.6812600903609084,0.0766631913708383,0.920400378924178
Suriname,,,,,,,0.9024999509179215,,-0.5190106551078236,,-0.8689366639767905,-0.5932842966407418,,0.9206747664697684,,,-0.8522166241027599,-0.6682439434219036,-0.01743541077965411,,,-0.6017318884398176,-0.4778559999411114,,0.4946312027221406,,,,,,0.870183560658538
Mozambique,,,,-0.9066984371730272,,,0.9228748332419595,,-0.4722424676242167,,-0.9217760036785421,-0.9187343785922142,,0.8669858885381229,,,-0.9176475961245867,-0.3813028451510303,-0.8941601587658631,,,-0.02676142701388631,0.36793554034976,,0.8670440689717392,,,,,,0.9192456872175196
Antigua and Barbuda,,,,,,,0.7951513509671568,,,,-0.8944835622432334,-0.596151710200031,,0.9588657067032077,,,-0.889685690096945,-0.6409722683746691,0.9579835683591871,,,,,,,,,,,,0.960540765387707
Finland,,,,,-0.40652209456179234,-0.8904887371814652,-0.012083339479629923,,-0.865969654295184,0.28257593273018095,-0.6728858873033815,-0.16769618908618505,-0.775437299039911,0.9058500607140657,,,-0.8760064223374763,-0.07081305789189313,-0.8818654084688359,,,-0.464240995020193,-0.34978162836994625,,-0.851586409297729,,,0.05873543546205989,-0.25807456826379854,-0.09720508011009334,0.8914015722179389
Equatorial Guinea,,,,,,,0.7786825155766026,,-0.8021198235769457,,-0.7188881011073459,-0.7869616845038906,,0.7528821814380393,,,-0.8223641248916048,0.5795961000049454,-0.8535348130178961,,,0.029120959186034866,-0.6004368373582781,,0.8511145404514514,,,,,,0.7549960025676896
Guyana,,,,-0.19852002459247162,,,0.8018368308522289,,-0.1833054937854074,,-0.9364532252375336,-0.6791018652906311,0.15136578301834455,0.9777618464381127,,,-0.9482849336580678,0.5323811306428671,0.94681148232163,,,0.43198011699360594,0.9038291076694115,,0.6625648186242836,,,,,,0.7111618372356537
Burkina Faso,,,,0.12770281221286328,,,0.9423261860094749,,-0.8216470015280457,,-0.9816408143614797,-0.9741495135828521,,0.9851928055448367,,,-0.9732581487114336,0.5267880006051587,-0.956948871013357,,,0.4561845747748457,0.6956245996378317,,0.7981452530259047,,,,,,0.9655047852025126
Seychelles,,,,-0.3517345175640436,,,,,,,-0.7517103028609234,0.36692037647285536,,0.7687437293232058,,,-0.09168795332486385,0.05115656510324139,-0.9298317195425533,,,0.8734838746688409,0.873847954642325,,,,,,,,0.9191145086155017
Ethiopia,,,,,,,0.8902840839038603,,-0.5861904723938564,,-0.8512625566097334,-0.8089081055744813,,0.8712713547726527,,,-0.81251211060178,-0.6037424948321962,-0.9433532170853581,,,0.4026399855469957,-0.07240826062954057,,-0.8485861052465993,,,,,,0.906220875499926
Sri Lanka,,,,0.7984066924090093,,-0.878697383880853,0.9620484941127676,,0.5758683289795415,,-0.9250897753159361,-0.28122538245853634,,0.8836457145736474,,,-0.9368612555217112,-0.006518860585797974,0.23129779555383637,,,0.6886002573617241,0.04050677677056361,,0.3342620739499901,,,,,,0.9512637662212244
Brazil,,,,,,-0.838937149885175,0.9875187522434841,,0.08887368556031541,,-0.8399995106324305,-0.3835531964346723,0.6646183671115594,0.8435850448952494,,,-0.8076923024697212,-0.850582678583193,-0.791127910820071,,-0.8063829715019535,-0.10436613300149795,-0.2288037055400834,,0.6738187785748567,,,,,,0.8278919293316069
Palestine,,,,,0.15092428952783962,,0.6907371674573223,,,,,,,,,,,,,,,,,,0.002997231136263532,,,,,,0.9349021040513688
Portugal,,,,,0.622492614071357,-0.5534607515898141,0.8944542936616269,,-0.5876677798750408,-0.9313503557153213,-0.8452098342189471,-0.10457388124761358,-0.3465186084760185,0.8913610651532096,,,-0.8958459682953986,-0.44576849176142697,-0.8993411463517264,,,-0.7203933059453353,0.18979855075609856,,-0.7877814004884959,,,-0.4605917292287052,-0.7294613918485623,0.2567440656550467,0.7803098753690977
Ukraine,,,,,,-0.6133913988828166,0.9148797953635129,,-0.8082921190644256,,0.4559880595061049,0.04243036751775193,-0.823973939182188,0.6639173697687546,,,-0.7610590276467789,0.4147588705003159,-0.7555367104346342,,-0.7417662011262541,-0.04374197640673597,0.2941280205938373,,-0.384019540581904,,,,,,-0.6873422650673653
Uzbekistan,,,,,,,,,-0.392065213584654,,-0.2730585963813238,-0.6737915542902627,-0.8732776797493723,0.8755890344573161,,,-0.870228257376514,0.2045896667218242,-0.7534047419073063,,,0.07732633510986577,0.1450104542262068,,0.8579520689925733,,,,,,0.8319430492451413
Kenya,,,,-0.9230825495428422,,,0.9848454464281448,,-0.9380597772539663,,-0.986162201942766,-0.9276147620952905,,0.9294828026001756,,,-0.8929194885976878,-0.8397814619302649,-0.9473707359843101,,,0.7759804292422479,0.596394926811568,,0.9298957904539668,,,-0.25665095872982646,,,0.950406507501859
Indonesia,,,,-0.3415730067692979,0.5571583843940692,-0.9100634074424238,0.9630199315946488,,0.42210664816504584,,-0.8986446797787311,-0.9138473309886515,,0.9336066539677313,,,-0.871701780459375,-0.7474618439200484,-0.8944754062641602,,0.9285291519856657,0.5715406316216294,0.5297897129560497,,0.8403954091026775,,,,,,0.9365032366699755
Slovakia,,,,,,-0.8646914176929579,0.5951196640068361,,-0.7941207306068255,0.022536816651829647,,,,,,,,,,,,0.042051261036440434,0.3712305761949081,,-0.426912666305787,,,0.33315370862940513,0.35833907540572385,0.2787654015390411,0.752853366851211
Sudan,,,,,,,,,,,,,,,,,,,,,,,,,,,,,,,
Burundi,,,,,,,0.8375285003634572,,-0.28581291081633003,,-0.6964744525154293,-0.8495941555321386,,0.9010861798236633,,,-0.9084375934367369,0.5784430505971966,-0.8971334779668284,,,-0.9146510082769533,-0.6517531843208975,,-0.1788156922261018,,,0.6295713633749228,,,0.9465596089030396
Congo,,,,,,,0.8204359563138425,,-0.7910924199504815,,,,,,,,,,,,,-0.4937695140132471,-0.45795873399079595,,-0.24981541411414573,,,,,,0.8347676123603484
Aruba,,,,-0.8149204731716685,,,,,,,-0.941857844477464,0.8218678087508229,,0.8917270040776287,,,,-0.8387276949138854,0.9584301563702896,,,,,,,,,,,,0.9482052161596233
Côte d'Ivoire,,,,0.7407257094074532,,,0.8422501890272545,,,,,,,,,,,,,,,,,,,,,,,,
Micronesia (Federated States of),,,,,,,,,,,,,,,,,,,,,,,,,,,,,,,
Iran (Islamic Republic of),,,,-0.5403939522471527,,,0.9428575538829591,,,,,,,,,,,,,,,,,,,,,,,,
Czechoslovakia,,,,,,,,,,,,,,,,,,,,,,,,,,,,,,,
Montenegro,,,,,,,,,,,-0.8155996341824382,0.7620508663798585,,0.8993842220368984,,,-0.9475037245293912,-0.04097228202309442,-0.8059677146618459,,,0.5834334337902557,0.7677974974067241,,-0.9148813241794229,,,,,,0.8554111377852699
Eswatini,,,,,,,,,,,-0.8450747428664719,0.17205857340417752,-0.564346061153781,-0.09675907393218146,,,-0.5773231535020865,-0.6353477494168547,-0.6008958678327213,,,0.027513912791455375,0.7959096019954559,,0.4353352227974807,,,,,,0.8466032191056055
Greenland,,,,,,,,,,,-0.7798859875331783,0.35914869564466806,-0.6855251028434218,0.9704561199280485,,,,-0.39872839708944807,-0.9661538892830756,,,,,,,,,,,,0.6661081652677487
Malta,,,,,,-0.8899355457237837,0.3828621139342614,,-0.9590418365144319,-0.11763393012871025,-0.7669934278992607,0.03440290747592319,0.19704925279217292,0.9668557512348989,,,-0.7718672602306599,0.6131918874459071,-0.882866500093853,,,-0.816446320544264,-0.8287582960490794,,-0.9509881572279766,,,,,,0.9522061079107045
British Virgin Islands,,,,,,,,,,,,,,,,,,-0.20532078957719269,-0.953042411868719,,,,,,,,,,,,0.9139356040453707
Poland,,,,,,-0.9766952160952479,0.9385607182745404,,-0.7965704744618973,-0.1453034629629284,-0.516041545378379,0.41434064744695515,-0.9595654385041145,0.9404016775028412,,,-0.8984708272935857,-0.6190838719957518,0.846018279746458,,,-0.4738329158539317,-0.5158852731848277,,-0.5856171651462008,,,-0.7351038821301361,0.1726247331145716,0.10214032693720994,-0.5653454629981247
Barbados,,,,-0.7659910100065528,,-0.9384152346561773,-0.4238766647248608,,0.1478291987232741,,-0.9665416450107963,0.8737337397250703,0.2626356028165266,0.959795285237538,,,-0.6169610126066208,-0.6115318649104463,0.9675963975196888,,,-0.738436136879441,0.4066869036690593,,0.10605433841602553,,,,,,0.975946071428212
Russian Federation,,,,,,-0.8483394735538119,0.9298241279038949,,,,0.7356766033209285,-0.395302216062647,-0.8493223276087413,0.7944902160027396,,,-0.8589390276158433,0.5607318128777247,-0.7349262609692181,,,,,,,,,,,,
Montserrat,,,,,,,,,,,,,,,,,,,,,,,,,,,,,,,0.4854654560653144
Luxembourg,,,,,0.7778224003270404,-0.8705095924979764,0.9415488509316582,,-0.47472427236071085,-0.9190649321718404,-0.9318524072799872,-0.9342164759190738,-0.5073808278718233,0.9692324597943133,,,-0.8401324988209079,0.8609821277085052,-0.974911293611668,,,,,,-0.9505598811369612,,,,-0.7534306557352076,0.9508262075620059,0.9503970664193871
Singapore,,,,0.8212963385407607,,,0.9758366258957093,,-0.48895779259764155,,-0.8069063442425515,0.5048287932076801,-0.8437660122131386,0.9520113500552326,,,-0.7476759551385546,-0.43308743764213753,,,,-0.5829162452098775,0.8430987608007291,,-0.9114579621296466,,,,,,0.9729959367604937
Ghana,,,,-0.704249226256184,,,0.8721225395619228,,0.31373301922061664,,-0.8971200235935007,-0.9734462621578222,,0.9820797654016605,,,-0.9253610858574359,-0.7673066206644271,-0.9190507061056684,,,0.3674036752451638,0.4008701879112183,,0.47104057747815814,,,,,,0.9453443486738321
Egypt,,,,-0.3055049978127487,,-0.8133497043775966,0.9467115472155627,,-0.39715491098935773,,,,,,,,,,,,,-0.8306292385218693,-0.17779473834348022,,0.7466255644462652,,,,,,0.932186130508805
Mauritania,,,,,,,,,-0.8247308223375258,,-0.9015153973264529,-0.9490927952703021,,0.9480777708732995,,,-0.954646534303704,0.6581369575118986,-0.9705285004721339,,,-0.1484974186949782,0.5880252797154679,,0.8765509998645655,,,,,,0.9327370692585176
Slovenia,,,,,,-0.6952310860169891,0.8467352925938146,,-0.7222327152338976,-0.8581802505625906,0.2535311013894474,-0.18656430278482686,-0.8536448653296643,0.9513328166831465,,,-0.9036347585853158,0.684853877473001,-0.8804921543592077,,,0.2575881879755043,-0.37258014676576223,,-0.9131073654569171,,,,-0.29955761044166296,0.10780892470005107,0.799361145330647
Afghanistan,,,,,,,,,-0.17254382992231704,,-0.9730405878590157,-0.9221008309000405,,0.9252857916441264,,,-0.9136731407862191,-0.4951785721089144,-0.9538121278530196,,,0.7311366367719876,0.7822970546297148,,-0.05594681004012687,,,,,,0.9243527315777202
Germany,,,,0.7763033937135405,0.524426325359989,-0.9054373546458016,0.8181703737354683,,-0.835110752087519,-0.5922286725162595,-0.5042025616080256,0.22997768895833942,-0.7746235477221505,0.9064340101003592,,,-0.8428017105011534,-0.2513727719338008,-0.912793939319485,,0.805586971669939,-0.6627588422418687,-0.5222298856325439,,-0.845795963735377,,,,-0.18275744978490382,0.8994301130280508,0.558114841725328
Maldives,,,,-0.6396343564767986,,,,,,,-0.7553492029078046,-0.7878492538504936,,0.8686782069327577,,,-0.8252005534856296,0.6507413676309438,-0.9186579641675156,,,0.3263096086502442,0.7316245661627906,,0.19725232134057052,,,,,,0.9759951647730104
Lesotho,,,,,,,,,-0.6675024806204729,,-0.8987065238859406,0.389595706337681,,-0.24046880043970784,,,0.47583589378121915,-0.3773450887014966,-0.9302015291996771,,,0.3972562267682048,0.4809899454283893,,0.9114085305788333,,,,,,0.6483534218737409
Guinea,,,,,,,-0.34565650991415053,,-0.7317196006725492,,-0.8688127132134572,-0.9086370248053783,,0.950453319227429,,,-0.7497139735249111,0.3491501664557375,-0.879155265458898,,,0.4386746420463223,0.7363529092665884,,0.907736376362755,,,0.4568197834293027,,,0.9080418389443906
Libya,,,,,,,,,-0.5860710553152899,,-0.3791421979340198,0.2317737172713358,,0.5982943729506449,,,-0.6690244662858388,-0.6117174102318834,-0.5701458750753239,,,-0.2357568565641685,0.4898136125317419,,0.4495236682923607,,,,,,0.6389764695459937
Cuba,,,,,,-0.8111504990747119,,,-0.49080461536813336,,-0.8574589384479983,0.9598547690056954,-0.6436138452473753,0.8685835070512776,,,-0.8599122461939607,-0.7417988496436795,-0.8687910054518396,,,0.9430325962871761,0.7248554640767733,,-0.9487882968942103,,,,,,0.7622864739374973
Greece,,,,-0.42209654114832856,0.4275134684727132,-0.8276743419775372,0.8426119093406953,,-0.729919692876312,-0.3009670693948905,0.17037456654420666,0.28286227443719564,-0.01218638926685166,0.6389834127236681,,,-0.8236718957496139,-0.48514380055511663,-0.5631302847061169,,,0.20422928674032068,0.01733591444020336,,-0.37641185018792883,,,,-0.22820583351364837,0.7760092193722641,0.41261033919556545
Hungary,,,,0.41834565175356003,,-0.8433385809745325,0.8806074885185191,,-0.9007549549690886,-0.4275024988448011,-0.6032005641909878,-0.5699630335770168,-0.6016303560406436,0.9318821352110612,,,-0.9133884415997929,-0.2755956138285674,-0.8804874707516787,,,-0.7347156837363918,-0.6774169520397417,,-0.8663882921473512,,,0.10434019541907409,0.2606643590171397,0.16533501927810187,-0.9355801918377901
Democratic People's Republic of Korea,,,,,,,,,,,,,,,,,,,,,,,,,,,,,,,
Sierra Leone,,,,,,,,,-0.24945115763146247,,-0.9381256294898241,-0.9237349841594247,,0.934673260125237,,,-0.9242966278566573,0.18255968895907843,-0.9182385761566065,,,0.7657244124521376,0.5893170624039342,,0.3351322737975897,,,,,,0.9281378437738574
Kuwait,,,,,,,,,-0.6128278185879442,,-0.7192409750197881,-0.12509323181314674,,0.8710200133042895,,,-0.8769274954491795,0.5268683672829256,-0.7701898714308301,,,-0.547101374291759,-0.19062538469122617,,0.571070420009655,,,,,,0.8186219058036581
Qatar,,,,,,,0.5736163464631189,,-0.9301648625868706,,-0.9470777443024118,-0.9510320046559245,,0.9165936088263662,,,-0.8219963511366396,0.16718375933151056,-0.860154670371903,,,0.6306826258876509,0.6947086325530164,,0.8822974795751133,,,,,,0.9607969575095848
Togo,,,,-0.4507839408250736,,,0.9095534145585584,,-0.8686401377063698,,-0.977409459774554,-0.9748787340722076,,0.9651051827511752,,,-0.8852654171292064,-0.30660570527787473,-0.9136002683593996,,,0.7912617439402619,0.7093917872998281,,0.7617468045493755,,,-0.4320393732088654,,,0.9330820457431936
Venezuela (Bolivarian Republic of),,,,,,-0.8602262894339714,0.8876607632483152,,,,,,,,,,,,,,,,,,,,,,,,
United Republic of Tanzania,,,,-0.02357487811726058,,,0.9733195706032117,,,,,,,,,,,,,,,,,,,,,,,,
Kazakhstan,,,,,,,0.9444226551010018,,-0.06434111409471,,0.7914391360043603,-0.6980228617559538,-0.8577291166631299,0.8359407365055419,,,-0.9200189388120223,0.7702567829587024,-0.903542770535973,,,-0.8344645772365923,-0.7220344140152866,,0.8835152183449252,,,,,,0.7508653437948742
Angola,,,,,,,,,-0.8083323752432928,,-0.8039898285801007,-0.9084311823179566,,0.9072023899505415,,,-0.9081926849162946,0.5358289395756288,-0.8237021163877797,,,0.8061786719970919,0.7110756895803839,,-0.6182822303668113,,,,,,0.8438867877743156
Belarus,,,,0.45946322780780774,,,0.3763138765273529,,0.4479173032445309,,0.37897151348639263,0.00922180445450449,-0.8380968735779849,0.8039599730279219,,,-0.9031556201676572,0.27189601119125384,-0.8687413510874756,,-0.8261609325669041,-0.18566089682867873,-0.5328519962700847,,-0.774987062083144,,,,,,-0.8541943267385058
Bangladesh,,,,,,,0.9668034584547573,,-0.22370909745486045,,-0.8495740756958093,-0.6883190241363218,,0.8301326683744649,,,-0.8215708283125849,-0.8105129470485358,-0.9542125161528205,,,-0.9048346196279978,-0.896882564792647,,0.8609683541398516,,,,,,0.8747617989200823
Cambodia,,,,,,,0.9885895876387686,,-0.5126179275568098,,-0.7676752630670407,-0.8085978842340168,,0.8993164750265609,,,-0.9097640756885217,-0.6822806000112318,-0.9573787054171247,,,-0.1317768007562995,-0.478339548812529,,0.8490701854181291,,,,,,0.9122582386565647
Chile,,,,,,-0.9293441259249318,0.9571565899453275,,-0.8679027381481652,-0.7215957574418266,-0.850144669860702,0.8538788282185237,,0.9351280208295034,,,-0.8317102490379006,-0.5052298107188491,-0.8185427328583912,,,0.5798998923624546,0.4230324244699219,,-0.6156172771450324,,,0.8927385047360008,-0.5853325650819514,0.9831937416917962,0.9412274161818736
Guinea-Bissau,,,,,,,0.891729864341114,,-0.7936028233372769,,-0.7561544320928639,-0.7560212917503827,,0.8150416765523929,,,-0.7785687025737839,0.7625078802933762,-0.7727940040581245,,,0.6064498735967653,0.32903141609209496,,0.7135442689315412,,,,,,0.8445741470665796
Philippines,,,,0.1567193994486891,,-0.2752897734245377,0.9566535261172507,,-0.7766275625311105,,-0.9688578689196047,0.3610601433162334,-0.29316816316334854,0.9200201428843031,,,-0.8345585862183784,-0.9164821989054122,-0.12899511014972653,,,-0.38773273989224305,-0.7212544504258723,,0.35135585803176395,,,,-0.39400846095904757,0.8057318369409019,0.9393849261919036
Cameroon,,,,,,,0.9812080025730173,,-0.4512176965658297,,-0.9249636884437379,-0.9893756831925118,,0.96740867319545,,,-0.9862358220547633,-0.34112113220724866,-0.9392256478663591,,,-0.6887483008425089,0.14520267155466546,,-0.04158515599858705,,,,,,0.9581139993743063
Anguilla,,,,,,,,,,,,,,,,,,,,,,,,,,,,,,,0.9251624037307585
New Zealand,,,,-0.02658487909039903,,-0.9128525909047764,0.9478386793816713,,-0.8577048459979905,-0.8830641762812255,-0.830326153906199,-0.7183343407491176,-0.7867248230093122,0.9250450931113606,,,-0.8707084259192317,0.42103070889258426,-0.7774310081762489,,,-0.44946381950568476,-0.7248976755427399,,-0.8155694304094661,,,0.5102003056769537,0.6361243927678003,0.8927839521458578,0.9674784021394021
Chad,,,,,,,,,-0.7549568696174607,,-0.8886037344914988,-0.9192245915582548,,0.8961332292713299,,,-0.904514347096291,-0.4242488338343062,-0.7830278975266061,,,-0.49584696267747125,0.41994503118277055,,0.20607204329994414,,,,,,0.8963007402590198
Australia,,,,0.668800278230375,,-0.9528387807592698,0.965015889413825,,-0.7842108872698282,-0.7837351261483976,-0.4394764236536814,-0.7073842833406488,-0.9375581342347267,0.9251196833058885,,,-0.8940361572670933,0.6898968139447909,-0.6826152669608399,,,-0.5879746000970262,-0.45541142666613077,,-0.5850005763785509,,,-0.2102158685217781,0.09915680328087044,0.8920766103637742,0.9432718669679713
Tunisia,,,,-0.6366098320546137,,,0.9002810412929063,,-0.5507517675555342,,-0.5470614382284423,0.7254718961345539,,0.8953742285623454,,,-0.9153196200291505,-0.6477771375171839,-0.9089351881950689,,,0.6830955231681994,0.6928927329477105,,-0.5076342304837311,,,,,,0.8887981288078066
Paraguay,,,,,0.8954643470329173,0.024227724900609038,0.9818418067447736,,-0.5993826481370733,,-0.8351568199920192,-0.49759372395184676,,0.9131388916622644,,,-0.8977081107219175,-0.8321399159382644,-0.8466806877566849,,-0.46706227189550764,0.5414596759591446,0.6119204588162946,,0.49926952129082286,,,,,,0.89699350629741
Cyprus,,,,,-0.46426869277252086,-0.8497444772922572,0.8752939462925898,,-0.6151331006956745,-0.6981892009555309,-0.8541254882937075,-0.31010215533380137,0.4970649401857079,0.8767859775934959,,,-0.9116963453234362,-0.8048993269347476,0.46629971124468605,,,0.9336755684873805,0.8679096183660074,,-0.8052442587311621,,,,,,0.9238972241855
Zimbabwe,,,,,,,,,-0.5149466173095627,,-0.26596509780219085,-0.8808401225423611,,0.9032926353288339,,,-0.8683161905152851,0.5432277417310104,0.4199439517645722,,,0.08505108818876092,0.8071966561861645,,-0.583299590541509,,,,,,0.7632385026657035
Croatia,,,,,,,0.3829118830705237,,-0.8814479252027115,-0.3070869675933925,-0.598216635789519,0.7131814356501418,-0.7053833816608024,0.9145765531102608,,,-0.9122460098197395,-0.0003221022696604427,-0.8806365876797003,,,0.7663432728747664,0.7301491027303207,,-0.7193738018829079,,,,,,-0.8494713730983389
