Downloaded from wid.world on 20-06-2022 at 10:55:21
Percentile;Year;"shweal_z_CH
Net personal wealth
Bottom 50% | share | adults | equal split
Switzerland";"shweal_z_QM
Net personal wealth
Bottom 50% | share | adults | equal split
Eastern Europe";"shweal_z_UY
Net personal wealth
Bottom 50% | share | adults | equal split
Uruguay";"shweal_z_SY
Net personal wealth
Bottom 50% | share | adults | equal split
Syrian Arab Republic";"shweal_z_GN
Net personal wealth
Bottom 50% | share | adults | equal split
Guinea";"shweal_z_OE-MER
Net personal wealth
Bottom 50% | share | adults | equal split
Other MENA (at market exchange rate)";"shweal_z_MW
Net personal wealth
Bottom 50% | share | adults | equal split
Malawi";"shweal_z_MN
Net personal wealth
Bottom 50% | share | adults | equal split
Mongolia";"shweal_z_SK
Net personal wealth
Bottom 50% | share | adults | equal split
Slovakia";"shweal_z_QT
Net personal wealth
Bottom 50% | share | adults | equal split
South Africa";"shweal_z_ZM
Net personal wealth
Bottom 50% | share | adults | equal split
Zambia";"shweal_z_ER
Net personal wealth
Bottom 50% | share | adults | equal split
Eritrea";"shweal_z_KE
Net personal wealth
Bottom 50% | share | adults | equal split
Kenya";"shweal_z_IE
Net personal wealth
Bottom 50% | share | adults | equal split
Ireland";"shweal_z_PA
Net personal wealth
Bottom 50% | share | adults | equal split
Panama";"shweal_z_GT
Net personal wealth
Bottom 50% | share | adults | equal split
Guatemala";"shweal_z_AE
Net personal wealth
Bottom 50% | share | adults | equal split
United Arab Emirates";"shweal_z_QF
Net personal wealth
Bottom 50% | share | adults | equal split
Oceania";"shweal_z_ST
Net personal wealth
Bottom 50% | share | adults | equal split
Sao Tome and Principe";"shweal_z_QD-MER
Net personal wealth
Bottom 50% | share | adults | equal split
Asia (at market exchange rate)";"shweal_z_OJ-MER
Net personal wealth
Bottom 50% | share | adults | equal split
Other Sub-Saharan Africa (at market exchange rate)";"shweal_z_LT
Net personal wealth
Bottom 50% | share | adults | equal split
Lithuania";"shweal_z_DE
Net personal wealth
Bottom 50% | share | adults | equal split
Germany";"shweal_z_JP
Net personal wealth
Bottom 50% | share | adults | equal split
Japan";"shweal_z_GR
Net personal wealth
Bottom 50% | share | adults | equal split
Greece";"shweal_z_QS-MER
Net personal wealth
Bottom 50% | share | adults | equal split
South-East Asia (at market exchange rate)";"shweal_z_MZ
Net personal wealth
Bottom 50% | share | adults | equal split
Mozambique";"shweal_z_TJ
Net personal wealth
Bottom 50% | share | adults | equal split
Tajikistan";"shweal_z_NG
Net personal wealth
Bottom 50% | share | adults | equal split
Nigeria";"shweal_z_OC-MER
Net personal wealth
Bottom 50% | share | adults | equal split
Other Western Europe (at market exchange rate)";"shweal_z_CN
Net personal wealth
Bottom 50% | share | adults | equal split
China";"shweal_z_ET
Net personal wealth
Bottom 50% | share | adults | equal split
Ethiopia";"shweal_z_JO
Net personal wealth
Bottom 50% | share | adults | equal split
Jordan";"shweal_z_KR
Net personal wealth
Bottom 50% | share | adults | equal split
Korea";"shweal_z_BS
Net personal wealth
Bottom 50% | share | adults | equal split
Bahamas";"shweal_z_SV
Net personal wealth
Bottom 50% | share | adults | equal split
El Salvador";"shweal_z_CI
Net personal wealth
Bottom 50% | share | adults | equal split
Cote d’Ivoire";"shweal_z_NA
Net personal wealth
Bottom 50% | share | adults | equal split
Namibia";"shweal_z_SS
Net personal wealth
Bottom 50% | share | adults | equal split
South Sudan";"shweal_z_KH
Net personal wealth
Bottom 50% | share | adults | equal split
Cambodia";"shweal_z_MT
Net personal wealth
Bottom 50% | share | adults | equal split
Malta";"shweal_z_MR
Net personal wealth
Bottom 50% | share | adults | equal split
Mauritania";"shweal_z_RU
Net personal wealth
Bottom 50% | share | adults | equal split
Russian Federation";"shweal_z_QY
Net personal wealth
Bottom 50% | share | adults | equal split
European Union";"shweal_z_MU
Net personal wealth
Bottom 50% | share | adults | equal split
Mauritius";"shweal_z_QN-MER
Net personal wealth
Bottom 50% | share | adults | equal split
Middle Africa (at market exchange rate)";"shweal_z_BG
Net personal wealth
Bottom 50% | share | adults | equal split
Bulgaria";"shweal_z_QX-MER
Net personal wealth
Bottom 50% | share | adults | equal split
Western Europe (at market exchange rate)";"shweal_z_XL
Net personal wealth
Bottom 50% | share | adults | equal split
Latin America";"shweal_z_PS
Net personal wealth
Bottom 50% | share | adults | equal split
Palestine";"shweal_z_HU
Net personal wealth
Bottom 50% | share | adults | equal split
Hungary";"shweal_z_QX
Net personal wealth
Bottom 50% | share | adults | equal split
Western Europe";"shweal_z_CN-UR
Net personal wealth
Bottom 50% | share | adults | equal split
Urban China";"shweal_z_LS
Net personal wealth
Bottom 50% | share | adults | equal split
Lesotho";"shweal_z_OD-MER
Net personal wealth
Bottom 50% | share | adults | equal split
Other Latin America (at market exchange rate)";"shweal_z_BO
Net personal wealth
Bottom 50% | share | adults | equal split
Bolivia";"shweal_z_SR
Net personal wealth
Bottom 50% | share | adults | equal split
Suriname";"shweal_z_UZ
Net personal wealth
Bottom 50% | share | adults | equal split
Uzbekistan";"shweal_z_LB
Net personal wealth
Bottom 50% | share | adults | equal split
Lebanon";"shweal_z_BA
Net personal wealth
Bottom 50% | share | adults | equal split
Bosnia and Herzegovina";"shweal_z_EG
Net personal wealth
Bottom 50% | share | adults | equal split
Egypt";"shweal_z_CM
Net personal wealth
Bottom 50% | share | adults | equal split
Cameroon";"shweal_z_IN
Net personal wealth
Bottom 50% | share | adults | equal split
India";"shweal_z_IT
Net personal wealth
Bottom 50% | share | adults | equal split
Italy";"shweal_z_QK
Net personal wealth
Bottom 50% | share | adults | equal split
East Africa";"shweal_z_BH
Net personal wealth
Bottom 50% | share | adults | equal split
Bahrain";"shweal_z_CA
Net personal wealth
Bottom 50% | share | adults | equal split
Canada";"shweal_z_SA
Net personal wealth
Bottom 50% | share | adults | equal split
Saudi Arabia";"shweal_z_QE-MER
Net personal wealth
Bottom 50% | share | adults | equal split
Europe (at market exchange rate)";"shweal_z_DZ
Net personal wealth
Bottom 50% | share | adults | equal split
Algeria";"shweal_z_AT
Net personal wealth
Bottom 50% | share | adults | equal split
Austria";"shweal_z_HN
Net personal wealth
Bottom 50% | share | adults | equal split
Honduras";"shweal_z_TT
Net personal wealth
Bottom 50% | share | adults | equal split
Trinidad and Tobago";"shweal_z_ZA
Net personal wealth
Bottom 50% | share | adults | equal split
South Africa";"shweal_z_OB-MER
Net personal wealth
Bottom 50% | share | adults | equal split
Other East Asia (at market exchange rate)";"shweal_z_CN-RU
Net personal wealth
Bottom 50% | share | adults | equal split
Rural China";"shweal_z_QB
Net personal wealth
Bottom 50% | share | adults | equal split
Africa";"shweal_z_BT
Net personal wealth
Bottom 50% | share | adults | equal split
Bhutan";"shweal_z_GA
Net personal wealth
Bottom 50% | share | adults | equal split
Gabon";"shweal_z_CR
Net personal wealth
Bottom 50% | share | adults | equal split
Costa Rica";"shweal_z_QJ-MER
Net personal wealth
Bottom 50% | share | adults | equal split
Central Asia (at market exchange rate)";"shweal_z_RW
Net personal wealth
Bottom 50% | share | adults | equal split
Rwanda";"shweal_z_QD
Net personal wealth
Bottom 50% | share | adults | equal split
Asia";"shweal_z_UG
Net personal wealth
Bottom 50% | share | adults | equal split
Uganda";"shweal_z_ME
Net personal wealth
Bottom 50% | share | adults | equal split
Montenegro";"shweal_z_NP
Net personal wealth
Bottom 50% | share | adults | equal split
Nepal";"shweal_z_QW-MER
Net personal wealth
Bottom 50% | share | adults | equal split
West Asia (at market exchange rate)";"shweal_z_QB-MER
Net personal wealth
Bottom 50% | share | adults | equal split
Africa (at market exchange rate)";"shweal_z_ES
Net personal wealth
Bottom 50% | share | adults | equal split
Spain";"shweal_z_HT
Net personal wealth
Bottom 50% | share | adults | equal split
Haiti";"shweal_z_SO
Net personal wealth
Bottom 50% | share | adults | equal split
Somalia";"shweal_z_DO
Net personal wealth
Bottom 50% | share | adults | equal split
Dominican Republic";"shweal_z_KW
Net personal wealth
Bottom 50% | share | adults | equal split
Kuwait";"shweal_z_BY
Net personal wealth
Bottom 50% | share | adults | equal split
Belarus";"shweal_z_QM-MER
Net personal wealth
Bottom 50% | share | adults | equal split
Eastern Europe (at market exchange rate)";"shweal_z_OA
Net personal wealth
Bottom 50% | share | adults | equal split
Other Russia & Central Asia";"shweal_z_HR
Net personal wealth
Bottom 50% | share | adults | equal split
Croatia";"shweal_z_AF
Net personal wealth
Bottom 50% | share | adults | equal split
Afghanistan";"shweal_z_AZ
Net personal wealth
Bottom 50% | share | adults | equal split
Azerbaijan";"shweal_z_GW
Net personal wealth
Bottom 50% | share | adults | equal split
Guinea-Bissau";"shweal_z_PY
Net personal wealth
Bottom 50% | share | adults | equal split
Paraguay";"shweal_z_OI-MER
Net personal wealth
Bottom 50% | share | adults | equal split
Other South & South-East Asia (at market exchange rate)";"shweal_z_NL
Net personal wealth
Bottom 50% | share | adults | equal split
Netherlands";"shweal_z_TG
Net personal wealth
Bottom 50% | share | adults | equal split
Togo";"shweal_z_OA-MER
Net personal wealth
Bottom 50% | share | adults | equal split
Other Russia & Central Asia (at market exchange rate)";"shweal_z_GH
Net personal wealth
Bottom 50% | share | adults | equal split
Ghana";"shweal_z_LK
Net personal wealth
Bottom 50% | share | adults | equal split
Sri Lanka";"shweal_z_NI
Net personal wealth
Bottom 50% | share | adults | equal split
Nicaragua";"shweal_z_YE
Net personal wealth
Bottom 50% | share | adults | equal split
Yemen";"shweal_z_GM
Net personal wealth
Bottom 50% | share | adults | equal split
Gambia";"shweal_z_US
Net personal wealth
Bottom 50% | share | adults | equal split
USA";"shweal_z_TD
Net personal wealth
Bottom 50% | share | adults | equal split
Chad";"shweal_z_QV-MER
Net personal wealth
Bottom 50% | share | adults | equal split
West Africa (at market exchange rate)";"shweal_z_ZW
Net personal wealth
Bottom 50% | share | adults | equal split
Zimbabwe";"shweal_z_SC
Net personal wealth
Bottom 50% | share | adults | equal split
Seychelles";"shweal_z_QY-MER
Net personal wealth
Bottom 50% | share | adults | equal split
European Union (at market exchange rate)";"shweal_z_XM-MER
Net personal wealth
Bottom 50% | share | adults | equal split
Middle East (at market exchange rate)";"shweal_z_RO
Net personal wealth
Bottom 50% | share | adults | equal split
Romania";"shweal_z_BZ
Net personal wealth
Bottom 50% | share | adults | equal split
Belize";"shweal_z_XN
Net personal wealth
Bottom 50% | share | adults | equal split
MENA";"shweal_z_BF
Net personal wealth
Bottom 50% | share | adults | equal split
Burkina Faso";"shweal_z_WO-MER
Net personal wealth
Bottom 50% | share | adults | equal split
World (at market exchange rate)";"shweal_z_MV
Net personal wealth
Bottom 50% | share | adults | equal split
Maldives";"shweal_z_ML
Net personal wealth
Bottom 50% | share | adults | equal split
Mali";"shweal_z_QL
Net personal wealth
Bottom 50% | share | adults | equal split
East Asia";"shweal_z_NZ
Net personal wealth
Bottom 50% | share | adults | equal split
New Zealand";"shweal_z_BI
Net personal wealth
Bottom 50% | share | adults | equal split
Burundi";"shweal_z_NO
Net personal wealth
Bottom 50% | share | adults | equal split
Norway";"shweal_z_LR
Net personal wealth
Bottom 50% | share | adults | equal split
Liberia";"shweal_z_PE
Net personal wealth
Bottom 50% | share | adults | equal split
Peru";"shweal_z_QW
Net personal wealth
Bottom 50% | share | adults | equal split
West Asia";"shweal_z_XS-MER
Net personal wealth
Bottom 50% | share | adults | equal split
South & South-East Asia (at market exchange rate)";"shweal_z_QN
Net personal wealth
Bottom 50% | share | adults | equal split
Middle Africa";"shweal_z_BJ
Net personal wealth
Bottom 50% | share | adults | equal split
Benin";"shweal_z_QU-MER
Net personal wealth
Bottom 50% | share | adults | equal split
South Asia (at market exchange rate)";"shweal_z_TZ
Net personal wealth
Bottom 50% | share | adults | equal split
Tanzania";"shweal_z_MD
Net personal wealth
Bottom 50% | share | adults | equal split
Moldova";"shweal_z_CF
Net personal wealth
Bottom 50% | share | adults | equal split
Central African Republic";"shweal_z_QS
Net personal wealth
Bottom 50% | share | adults | equal split
South-East Asia";"shweal_z_BD
Net personal wealth
Bottom 50% | share | adults | equal split
Bangladesh";"shweal_z_CL
Net personal wealth
Bottom 50% | share | adults | equal split
Chile";"shweal_z_XA
Net personal wealth
Bottom 50% | share | adults | equal split
Asia (excl. Middle East)";"shweal_z_LU
Net personal wealth
Bottom 50% | share | adults | equal split
Luxembourg";"shweal_z_CO
Net personal wealth
Bottom 50% | share | adults | equal split
Colombia";"shweal_z_MK
Net personal wealth
Bottom 50% | share | adults | equal split
North Macedonia";"shweal_z_TM
Net personal wealth
Bottom 50% | share | adults | equal split
Turkmenistan";"shweal_z_TH
Net personal wealth
Bottom 50% | share | adults | equal split
Thailand";"shweal_z_EC
Net personal wealth
Bottom 50% | share | adults | equal split
Ecuador";"shweal_z_IL
Net personal wealth
Bottom 50% | share | adults | equal split
Israel";"shweal_z_GB
Net personal wealth
Bottom 50% | share | adults | equal split
United Kingdom";"shweal_z_TW
Net personal wealth
Bottom 50% | share | adults | equal split
Taiwan";"shweal_z_SI
Net personal wealth
Bottom 50% | share | adults | equal split
Slovenia";"shweal_z_XR
Net personal wealth
Bottom 50% | share | adults | equal split
Russia & Central Asia";"shweal_z_UA
Net personal wealth
Bottom 50% | share | adults | equal split
Ukraine";"shweal_z_TR
Net personal wealth
Bottom 50% | share | adults | equal split
Turkey";"shweal_z_GY
Net personal wealth
Bottom 50% | share | adults | equal split
Guyana";"shweal_z_RS
Net personal wealth
Bottom 50% | share | adults | equal split
Serbia";"shweal_z_BN
Net personal wealth
Bottom 50% | share | adults | equal split
Brunei Darussalam";"shweal_z_VN
Net personal wealth
Bottom 50% | share | adults | equal split
Viet Nam";"shweal_z_CU
Net personal wealth
Bottom 50% | share | adults | equal split
Cuba";"shweal_z_QA
Net personal wealth
Bottom 50% | share | adults | equal split
Qatar";"shweal_z_OI
Net personal wealth
Bottom 50% | share | adults | equal split
Other South & South-East Asia";"shweal_z_SZ
Net personal wealth
Bottom 50% | share | adults | equal split
Swaziland";"shweal_z_MM
Net personal wealth
Bottom 50% | share | adults | equal split
Myanmar";"shweal_z_CV
Net personal wealth
Bottom 50% | share | adults | equal split
Cabo Verde";"shweal_z_DJ
Net personal wealth
Bottom 50% | share | adults | equal split
Djibouti";"shweal_z_QV
Net personal wealth
Bottom 50% | share | adults | equal split
West Africa";"shweal_z_XF-MER
Net personal wealth
Bottom 50% | share | adults | equal split
Sub-Saharan Africa (at market exchange rate)";"shweal_z_QL-MER
Net personal wealth
Bottom 50% | share | adults | equal split
East Asia (at market exchange rate)";"shweal_z_IR
Net personal wealth
Bottom 50% | share | adults | equal split
Iran";"shweal_z_PT
Net personal wealth
Bottom 50% | share | adults | equal split
Portugal";"shweal_z_TL
Net personal wealth
Bottom 50% | share | adults | equal split
Timor-Leste";"shweal_z_XB-MER
Net personal wealth
Bottom 50% | share | adults | equal split
North America & Oceania (at market exchange rate)";"shweal_z_SE
Net personal wealth
Bottom 50% | share | adults | equal split
Sweden";"shweal_z_QO
Net personal wealth
Bottom 50% | share | adults | equal split
North Africa";"shweal_z_LA
Net personal wealth
Bottom 50% | share | adults | equal split
Lao PDR";"shweal_z_SL
Net personal wealth
Bottom 50% | share | adults | equal split
Sierra Leone";"shweal_z_QE
Net personal wealth
Bottom 50% | share | adults | equal split
Europe";"shweal_z_MY
Net personal wealth
Bottom 50% | share | adults | equal split
Malaysia";"shweal_z_XB
Net personal wealth
Bottom 50% | share | adults | equal split
North America & Oceania";"shweal_z_XA-MER
Net personal wealth
Bottom 50% | share | adults | equal split
Asia (excl. Middle East) (at market exchange rate)";"shweal_z_JM
Net personal wealth
Bottom 50% | share | adults | equal split
Jamaica";"shweal_z_NE
Net personal wealth
Bottom 50% | share | adults | equal split
Niger";"shweal_z_XR-MER
Net personal wealth
Bottom 50% | share | adults | equal split
Russia & Central Asia (at market exchange rate)";"shweal_z_QJ
Net personal wealth
Bottom 50% | share | adults | equal split
Central Asia";"shweal_z_XM
Net personal wealth
Bottom 50% | share | adults | equal split
Middle East";"shweal_z_AL
Net personal wealth
Bottom 50% | share | adults | equal split
Albania";"shweal_z_KZ
Net personal wealth
Bottom 50% | share | adults | equal split
Kazakhstan";"shweal_z_PH
Net personal wealth
Bottom 50% | share | adults | equal split
Philippines";"shweal_z_FR
Net personal wealth
Bottom 50% | share | adults | equal split
France";"shweal_z_IQ
Net personal wealth
Bottom 50% | share | adults | equal split
Iraq";"shweal_z_OM
Net personal wealth
Bottom 50% | share | adults | equal split
Oman";"shweal_z_KP
Net personal wealth
Bottom 50% | share | adults | equal split
North Korea";"shweal_z_XN-MER
Net personal wealth
Bottom 50% | share | adults | equal split
MENA (at market exchange rate)";"shweal_z_XL-MER
Net personal wealth
Bottom 50% | share | adults | equal split
Latin America (at market exchange rate)";"shweal_z_XS
Net personal wealth
Bottom 50% | share | adults | equal split
South & South-East Asia";"shweal_z_LY
Net personal wealth
Bottom 50% | share | adults | equal split
Libya";"shweal_z_CY
Net personal wealth
Bottom 50% | share | adults | equal split
Cyprus";"shweal_z_AR
Net personal wealth
Bottom 50% | share | adults | equal split
Argentina";"shweal_z_XF
Net personal wealth
Bottom 50% | share | adults | equal split
Sub-Saharan Africa";"shweal_z_BR
Net personal wealth
Bottom 50% | share | adults | equal split
Brazil";"shweal_z_PK
Net personal wealth
Bottom 50% | share | adults | equal split
Pakistan";"shweal_z_AO
Net personal wealth
Bottom 50% | share | adults | equal split
Angola";"shweal_z_FI
Net personal wealth
Bottom 50% | share | adults | equal split
Finland";"shweal_z_OJ
Net personal wealth
Bottom 50% | share | adults | equal split
Other Sub-Saharan Africa";"shweal_z_TN
Net personal wealth
Bottom 50% | share | adults | equal split
Tunisia";"shweal_z_SD
Net personal wealth
Bottom 50% | share | adults | equal split
Sudan";"shweal_z_LV
Net personal wealth
Bottom 50% | share | adults | equal split
Latvia";"shweal_z_WO
Net personal wealth
Bottom 50% | share | adults | equal split
World";"shweal_z_QP
Net personal wealth
Bottom 50% | share | adults | equal split
North America";"shweal_z_MX
Net personal wealth
Bottom 50% | share | adults | equal split
Mexico";"shweal_z_KM
Net personal wealth
Bottom 50% | share | adults | equal split
Comoros";"shweal_z_IS
Net personal wealth
Bottom 50% | share | adults | equal split
Iceland";"shweal_z_QP-MER
Net personal wealth
Bottom 50% | share | adults | equal split
North America (at market exchange rate)";"shweal_z_OC
Net personal wealth
Bottom 50% | share | adults | equal split
Other Western Europe";"shweal_z_QU
Net personal wealth
Bottom 50% | share | adults | equal split
South Asia";"shweal_z_CZ
Net personal wealth
Bottom 50% | share | adults | equal split
Czech Republic";"shweal_z_BW
Net personal wealth
Bottom 50% | share | adults | equal split
Botswana";"shweal_z_OD
Net personal wealth
Bottom 50% | share | adults | equal split
Other Latin America";"shweal_z_GE
Net personal wealth
Bottom 50% | share | adults | equal split
Georgia";"shweal_z_QK-MER
Net personal wealth
Bottom 50% | share | adults | equal split
East Africa (at market exchange rate)";"shweal_z_OB
Net personal wealth
Bottom 50% | share | adults | equal split
Other East Asia";"shweal_z_MA
Net personal wealth
Bottom 50% | share | adults | equal split
Morocco";"shweal_z_KG
Net personal wealth
Bottom 50% | share | adults | equal split
Kyrgyzstan";"shweal_z_VE
Net personal wealth
Bottom 50% | share | adults | equal split
Venezuela";"shweal_z_AM
Net personal wealth
Bottom 50% | share | adults | equal split
Armenia";"shweal_z_AU
Net personal wealth
Bottom 50% | share | adults | equal split
Australia";"shweal_z_CG
Net personal wealth
Bottom 50% | share | adults | equal split
Congo";"shweal_z_BE
Net personal wealth
Bottom 50% | share | adults | equal split
Belgium";"shweal_z_SG
Net personal wealth
Bottom 50% | share | adults | equal split
Singapore";"shweal_z_OE
Net personal wealth
Bottom 50% | share | adults | equal split
Other MENA";"shweal_z_MO
Net personal wealth
Bottom 50% | share | adults | equal split
Macao";"shweal_z_DK
Net personal wealth
Bottom 50% | share | adults | equal split
Denmark";"shweal_z_GQ
Net personal wealth
Bottom 50% | share | adults | equal split
Equatorial Guinea";"shweal_z_SN
Net personal wealth
Bottom 50% | share | adults | equal split
Senegal";"shweal_z_MG
Net personal wealth
Bottom 50% | share | adults | equal split
Madagascar";"shweal_z_CD
Net personal wealth
Bottom 50% | share | adults | equal split
DR Congo";"shweal_z_PL
Net personal wealth
Bottom 50% | share | adults | equal split
Poland";"shweal_z_EE
Net personal wealth
Bottom 50% | share | adults | equal split
Estonia";"shweal_z_QT-MER
Net personal wealth
Bottom 50% | share | adults | equal split
South Africa (at market exchange rate)";"shweal_z_PG
Net personal wealth
Bottom 50% | share | adults | equal split
Papua New Guinea";"shweal_z_QO-MER
Net personal wealth
Bottom 50% | share | adults | equal split
North Africa (at market exchange rate)";"shweal_z_QF-MER
Net personal wealth
Bottom 50% | share | adults | equal split
Oceania (at market exchange rate)";"shweal_z_ID
Net personal wealth
Bottom 50% | share | adults | equal split
Indonesia"
p0p50;1990;;;;;;;;;;;;;;;;;;;;;;;;;;;;;;;;;;;;;;;;;;;;;;;;;;;;;0.0;;;;;;;;;;;;;;;;;;;;;;;0.0;;;;;;;;;;;;;0.063;;;;;;;;;;;;;;;;;;;;;;0.0275;;;;;;;;;;;;;;;;;;;;;;;;;;;;;;;;;;;;;;;;;;;;;;;;;;;;;;;;;;;;;;;;;;;;;;;;;;;;;;;0.0778;;;;;;;;;;;;;;;;;;;;;;;;;;;;;;;;;;;;;;;;;;;-0.0104;;;;;;;;;;;
p0p50;1991;0.0514;;;;;;;;;;;;;;;;;;;;;;;;;;;;;;;;;;;;;;;;;;;;;;;;;;;;0.0;;;;;;;;;;;;;;;;;;;;;;;0.0;;;;;;;;;;;;;0.0668;;;;;;;;;;;;;;;;;;;;;;0.027;;;;;;;;;;;;;;;;;;;;;;;;;;;;;;;;;;;;;;;;;;;;;;;;;;;;;;;;;;;;;;;;;;;;;;;;;;;;;;;0.0753;;;;;;;;;;;;;;;;;;;;;;;;;;;;;;;;;;;;;;;;;;;-0.0043;;;;;;;;;;;
p0p50;1992;;;;;;;;;;;;;;;;;;;;;;;;;;;;;;;;;;;;;;;;;;;;;;;;;;;;;0.0;;;;;;;;;;;;;;;;;;;;;;;0.0;;;;;;;;;;;;;0.0701;;;;;;;;;;;;;;;;;;;;;;0.0249;;;;;;;;;;;;;;;;;;;;;;;;;;;;;;;;;;;;;;;;;;;;;;;;;;;;;;;;;;;;;;;;;;;;;;;;;;;;;;;0.0644;;;;;;;;;;;;;;;;;;;;;;;;;;;;;;;;;;;;;;;;;;;-0.0083;;;;;;;;;;;
p0p50;1993;;;;;;;;;;;;;;;;;;;;;;;0.0569;;;;;;;;;;;;;;;;;;;;;;;;;;;;;;0.0;;;;;;;;;;;;;;;;;;;;;;;0.0;;;;;;;;;;;;;0.0654;;;;;;;;;;;;;;0.0585;;;;;;;;0.0237;;;;;;;;;;;;;;;;;;;;;;;;;;;;;;;;;;;;;;;;;;;;;;;;;;;;;;;;;;;;;;;;;;;;;;;;;;;;;;;0.0656;;;;;;;;;;;;;;;;;;;;;;;;;;;;;;;;;;;;;;;;;;;0.0074;;;;;;;;;;;
p0p50;1994;;;;;;;;;;;;;;;;;;;;;;;;;;;;;;;;;;;;;;;;;;;;;;;;;;;;;0.0;;;;;;;;;;;;;;;;;;;;;;;0.0;;;;;;;;;;;;;0.0686;;;;;;;;;;;;;;0.0587;;;;;;;;0.0225;;;;;;;;;;;;;;;;;;;;;;;;;;;;;;;;;;;;;;;;;;;;;;;;;;;;;;;;;;;;;;;;;;;;;;;;;;;;;;;0.0646;;;;;;;;;;;;;;;;;;;;;;;;;;;;;;;;;;;;;;;;;;;0.0173;;;;;;;;;;;
p0p50;1995;0.0493;0.0203;0.045;0.0412;0.0385;-0.0019;-0.0135;0.0489;0.1333;-0.0287;0.0086;-0.0022;0.0259;-0.0251;0.0245;0.0248;0.0102;0.0305;0.0491;0.0153;0.0073;0.0508;0.0437;0.0496;0.0549;0.0095;-0.009;0.0496;0.0453;0.0419;0.1585;-0.0022;0.0352;0.0501;0.0239;-0.0015;0.0447;-0.0131;0.0394;0.0456;0.1292;0.0468;0.0854;0.0461;0.0461;0.0255;0.0493;0.0596;-0.0163;0.0414;0.0478;0.0603;0.0;-0.0104;-0.0143;0.0241;0.0226;0.0441;0.0191;0.0517;0.0329;0.0136;0.0831;0.1022;0.0063;0.0271;0.0498;0.0151;0.0331;0.0479;0.012;0.0247;0.0243;-0.0509;0.0071;0.0;-0.0023;0.0407;0.0344;0.0444;0.0403;0.0171;0.0348;0.0405;0.0517;0.046;0.0234;-0.0057;0.0717;0.0233;0.0086;0.0237;0.0137;0.0514;0.0168;0.0431;0.0499;0.0481;0.0514;0.0336;0.0227;0.0086;0.0662;0.0383;0.0424;0.044;0.0464;0.0229;0.0402;0.0073;0.0206;0.0436;0.0207;-0.0038;0.021;0.0392;-0.0041;0.0512;0.025;0.0031;-0.0036;-0.0149;0.0051;0.0022;0.0399;0.0507;0.0453;0.0238;0.047;0.0004;0.0308;0.0455;0.0282;0.0419;0.0687;0.0473;0.0508;-0.0076;0.0158;0.0469;0.0013;0.0362;0.0424;0.0168;0.0516;0.0435;0.0046;0.0452;0.0432;0.0626;0.0508;0.0776;0.0514;0.0514;0.0082;0.0235;0.0514;0.0467;0.0462;0.0441;0.0264;0.0139;-0.0125;0.0301;-0.0073;0.0439;0.0211;-0.0105;0.0236;0.0339;0.0453;0.0467;0.0228;0.049;0.0342;0.0456;0.0105;0.0403;0.0415;0.0228;0.0158;0.0231;0.0355;0.0464;0.0432;-0.0008;0.0515;0.0488;0.0251;0.0671;0.0171;0.0134;0.049;-0.0009;-0.0163;0.0476;0.0473;0.0879;0.0397;-0.0095;0.0119;0.0483;0.0432;0.0294;0.0112;0.0409;0.0482;0.029;-0.0148;0.0231;0.019;0.0359;0.0514;0.0231;0.0464;0.0685;0.0517;-0.0128;-0.0143;0.0514;-0.0054;0.0474;0.0425;0.0493;0.0224;0.0514;0.0517;0.0123;0.0803;0.0494;-0.0018;0.0506;0.0268;0.0354;0.0269;0.0439;0.0396;-0.0101;0.0043;-0.0286;0.0472;0.0344;0.0294;0.0422
p0p50;1996;0.0486;0.0219;0.045;0.0413;0.0374;-0.0012;-0.0136;0.049;0.1333;-0.029;0.0103;0.0127;0.0182;-0.0248;0.0245;0.0249;0.0103;0.0306;0.0491;0.0159;0.009;0.0509;0.0436;0.0495;0.0543;0.0091;-0.0091;0.0498;0.0454;0.0416;0.1513;0.0126;0.0367;0.0495;0.0239;-0.0015;0.0436;-0.0131;0.0393;0.0454;0.1292;0.0467;0.0817;0.0449;0.0461;0.0266;0.0497;0.0565;-0.0163;0.0415;0.0478;0.0576;0.0;-0.0093;-0.0156;0.0241;0.0226;0.0445;0.0191;0.0517;0.033;0.0136;0.0832;0.0994;0.01;0.0272;0.0497;0.0152;0.0321;0.0482;0.0119;0.0247;0.0243;-0.0505;0.0072;0.0;0.0011;0.0407;0.0344;0.0444;0.0393;0.0104;0.036;0.0417;0.0517;0.0464;0.024;-0.0021;0.0777;0.0233;0.016;0.0237;0.0137;0.0514;0.0183;0.0429;0.0509;0.0483;0.0514;0.0371;0.0228;0.0081;0.0659;0.0384;0.0426;0.0438;0.0456;0.0229;0.0402;0.0078;0.0189;0.0437;0.0216;-0.0022;0.0211;0.0378;-0.0034;0.0511;0.025;0.0037;-0.0056;-0.0149;0.0051;0.0095;0.0415;0.051;0.0439;0.0237;0.047;0.0003;0.0311;0.0455;0.0275;0.042;0.0683;0.0472;0.0508;-0.0049;0.0154;0.047;0.0012;0.0377;0.0422;0.0168;0.0515;0.0438;0.0047;0.0413;0.0427;0.0506;0.0503;0.0776;0.0468;0.0514;0.0081;0.0235;0.0515;0.0467;0.0462;0.0441;0.0266;0.0137;-0.0123;0.0302;-0.0074;0.0439;0.0218;-0.0095;0.025;0.0339;0.0455;0.0468;0.0214;0.0515;0.0343;0.0453;0.0139;0.0396;0.0416;0.0213;0.0167;0.0231;0.0333;0.0425;0.0429;-0.0005;0.0515;0.0489;0.0167;0.0629;0.0171;0.0128;0.0491;-0.0003;-0.0164;0.0474;0.0472;0.088;0.0394;-0.0053;0.0119;0.0484;0.036;0.0336;0.0128;0.0414;0.0482;0.029;-0.0149;0.0213;0.0188;0.0261;0.0515;0.0214;0.0466;0.0683;0.0518;-0.0129;-0.0156;0.0514;-0.0007;0.047;0.0431;0.0495;0.0224;0.0514;0.0517;0.0123;0.0802;0.0491;-0.0012;0.0507;0.0263;0.0344;0.0274;0.0446;0.0397;-0.0101;0.0052;-0.029;0.0469;0.0337;0.0295;0.042
p0p50;1997;0.0484;0.0243;0.045;0.0413;0.0366;-0.0012;-0.0136;0.0491;0.1333;-0.0249;0.0081;0.0358;0.0118;-0.0252;0.0245;0.0249;0.0102;0.0321;0.0491;0.0168;0.0112;0.0511;0.0437;0.0495;0.0554;0.0096;-0.0083;0.0497;0.0454;0.0411;0.1475;0.0357;0.0378;0.0495;0.0239;-0.0015;0.0419;-0.0131;0.0394;0.0453;0.1292;0.0466;0.071;0.0429;0.0462;0.025;0.05;0.0543;-0.0162;0.041;0.0478;0.0552;0.0;-0.0076;-0.0155;0.0241;0.0225;0.0442;0.0193;0.0517;0.033;0.0162;0.0829;0.0967;0.015;0.0306;0.0495;0.0144;0.0307;0.0484;0.0117;0.0247;0.0243;-0.0432;0.0073;0.0;0.0049;0.0407;0.0344;0.0445;0.0391;0.005;0.0369;0.036;0.0517;0.0467;0.0201;0.0007;0.0814;0.0233;0.0257;0.0237;0.0138;0.0513;0.0203;0.042;0.0508;0.0482;0.0513;0.0405;0.0227;0.008;0.067;0.0384;0.042;0.0434;0.0448;0.0229;0.0402;0.0087;0.0167;0.0437;0.0226;-0.0007;0.0211;0.0361;-0.0031;0.0508;0.025;0.0038;-0.0077;-0.015;0.0051;0.0176;0.0476;0.0507;0.0403;0.0236;0.047;0.0002;0.026;0.0452;0.0261;0.042;0.0684;0.0471;0.0508;-0.002;0.0153;0.0471;0.0013;0.0397;0.0421;0.0169;0.0516;0.0437;0.0048;0.041;0.0427;0.0427;0.0507;0.0776;0.0423;0.0513;0.0081;0.0235;0.0515;0.0417;0.0461;0.0441;0.0265;0.0135;-0.0116;0.0302;-0.0074;0.044;0.0229;-0.0049;0.0301;0.0339;0.0452;0.0468;0.02;0.0494;0.0346;0.0451;0.0182;0.0378;0.0417;0.0198;0.0181;0.0231;0.0314;0.0382;0.042;-0.001;0.0514;0.0488;0.0105;0.0611;0.0152;0.0128;0.0491;-0.0002;-0.0162;0.0471;0.047;0.0884;0.0392;-0.0009;0.0119;0.0474;0.0261;0.0383;0.0141;0.0416;0.0482;0.0287;-0.0151;0.0189;0.0191;0.0146;0.0514;0.019;0.0461;0.0681;0.0518;-0.0129;-0.0155;0.0513;0.0026;0.0468;0.0434;0.0494;0.0224;0.0513;0.0517;0.0123;0.0803;0.0485;-0.0007;0.0507;0.019;0.0333;0.0278;0.0451;0.0396;-0.0101;0.0052;-0.0249;0.0475;0.0345;0.029;0.0431
p0p50;1998;0.0488;0.0245;0.045;0.0412;0.0353;0.0001;-0.0133;0.0492;0.1333;-0.0201;0.006;0.0456;0.0116;-0.0257;0.0244;0.0248;0.0099;0.0303;0.0491;0.0177;0.0118;0.0513;0.0437;0.0494;0.0556;0.0104;-0.0075;0.0496;0.0455;0.0388;0.1443;0.0455;0.0399;0.0502;0.0238;-0.0015;0.0386;-0.0131;0.0393;0.0458;0.1292;0.0465;0.0662;0.0419;0.0461;0.0239;0.0505;0.0529;-0.0163;0.0416;0.0478;0.0538;0.0;-0.0052;-0.0155;0.0241;0.0225;0.0442;0.0192;0.0516;0.0329;0.0188;0.0828;0.0939;0.0161;0.0306;0.0494;0.0141;0.0298;0.0484;0.0114;0.0246;0.0243;-0.0352;0.0076;0.0;0.0071;0.0407;0.0343;0.0444;0.0387;0.0006;0.0381;0.0287;0.0516;0.047;0.0186;0.0041;0.0822;0.0233;0.035;0.0236;0.0137;0.0512;0.0211;0.0429;0.0507;0.048;0.0512;0.0434;0.0227;0.0097;0.0563;0.0383;0.0422;0.0431;0.0435;0.0229;0.0401;0.0092;0.0158;0.0437;0.0225;0.0006;0.0211;0.0351;-0.0023;0.0503;0.025;0.0048;-0.0092;-0.0151;0.005;0.0285;0.0538;0.0501;0.0356;0.0238;0.047;0.0003;0.0269;0.0456;0.0248;0.0419;0.0678;0.0469;0.0505;0.0023;0.0158;0.0472;0.0013;0.0407;0.0419;0.0169;0.0515;0.0436;0.0052;0.0452;0.042;0.0444;0.0506;0.0776;0.0402;0.0512;0.008;0.0235;0.0512;0.0417;0.046;0.0441;0.0251;0.0155;-0.0108;0.0302;-0.0074;0.044;0.0225;-0.0017;0.0328;0.0339;0.0452;0.0467;0.019;0.0499;0.0348;0.0455;0.021;0.0372;0.0417;0.0188;0.0187;0.0231;0.0281;0.0363;0.0417;0.0;0.0513;0.0484;0.0154;0.0589;0.0152;0.0133;0.049;0.0006;-0.0162;0.0469;0.0469;0.0875;0.0395;0.0016;0.0118;0.0459;0.0141;0.0351;0.0144;0.0417;0.0482;0.0288;-0.015;0.018;0.0189;0.0065;0.0514;0.018;0.0437;0.068;0.0517;-0.0129;-0.0155;0.0512;0.0041;0.0468;0.0436;0.0495;0.0224;0.0512;0.0517;0.0122;0.0803;0.0487;0.0006;0.0505;0.0184;0.0325;0.028;0.0458;0.0396;-0.0104;0.0049;-0.02;0.048;0.0343;0.0279;0.0438
p0p50;1999;0.0479;0.0244;0.045;0.0412;0.0334;0.0006;-0.0132;0.049;0.1333;-0.0116;0.0101;0.0482;0.0114;-0.0254;0.0244;0.0247;0.0099;0.0302;0.0491;0.0182;0.0125;0.0513;0.0416;0.0492;0.0552;0.0074;-0.0065;0.0496;0.0455;0.0403;0.1414;0.0482;0.0417;0.0498;0.0238;-0.0015;0.0353;-0.0131;0.0392;0.0458;0.1292;0.0463;0.0608;0.0403;0.046;0.022;0.0509;0.0524;-0.0164;0.0407;0.0478;0.0533;0.0;-0.003;-0.0155;0.024;0.0239;0.0456;0.0191;0.0515;0.0329;0.0208;0.0827;0.0903;0.0159;0.0306;0.0492;0.0148;0.029;0.0485;0.012;0.0246;0.0242;-0.0214;0.0076;0.0;0.0104;0.0405;0.0343;0.0444;0.0382;-0.0029;0.0385;0.019;0.0515;0.0472;0.0173;0.0071;0.0722;0.0232;0.042;0.0236;0.0137;0.0512;0.0209;0.0425;0.0505;0.0481;0.0512;0.0446;0.0226;0.0103;0.0574;0.0383;0.0423;0.0424;0.0408;0.0228;0.0401;0.0096;0.017;0.0436;0.0232;0.002;0.021;0.0339;-0.0022;0.0502;0.0249;0.0051;-0.0054;-0.0152;0.0053;0.0367;0.0561;0.05;0.0375;0.0237;0.0469;0.0003;0.0251;0.0448;0.0241;0.0419;0.0679;0.0465;0.0506;0.0082;0.0163;0.0472;0.0013;0.0418;0.042;0.0173;0.0515;0.0434;0.0052;0.0417;0.0411;0.0512;0.0508;0.0775;0.0386;0.0511;0.008;0.0234;0.051;0.0466;0.0457;0.0441;0.0263;0.0157;-0.0103;0.0302;-0.0074;0.0439;0.0236;0.0026;0.035;0.0338;0.0451;0.0467;0.0194;0.0487;0.0343;0.0457;0.0278;0.0359;0.0417;0.0195;0.0195;0.023;0.0255;0.035;0.042;0.0013;0.0512;0.0483;0.0193;0.0584;0.0169;0.0133;0.0488;0.0009;-0.0164;0.0464;0.0464;0.0884;0.0396;0.0058;0.0119;0.0465;0.0056;0.0368;0.0152;0.0417;0.0482;0.029;-0.0151;0.0193;0.0188;-0.0004;0.0513;0.0194;0.0447;0.0683;0.0517;-0.0129;-0.0155;0.0511;0.0047;0.0462;0.0417;0.0494;0.0223;0.0512;0.0515;0.0122;0.0802;0.0479;0.0007;0.0503;0.0252;0.0316;0.0281;0.0467;0.0396;-0.0102;0.0046;-0.0116;0.0484;0.0337;0.0276;0.0459
p0p50;2000;0.0481;0.0248;0.0451;0.0412;0.0324;0.0005;-0.0127;0.049;0.1333;-0.008;0.0147;0.0482;0.0111;-0.0259;0.0245;0.0248;0.0097;0.0296;0.0492;0.0199;0.012;0.0511;0.0402;0.049;0.055;0.0124;-0.0051;0.0494;0.0457;0.0404;0.1391;0.0482;0.0432;0.0497;0.0238;-0.0014;0.0303;-0.0132;0.0394;0.0458;0.1292;0.0463;0.0624;0.0388;0.0462;0.0233;0.0512;0.0518;-0.0163;0.0406;0.0478;0.0524;0.0;0.0002;-0.0155;0.0241;0.024;0.047;0.0195;0.0516;0.0345;0.026;0.0826;0.0862;0.0156;0.0307;0.0487;0.0144;0.0276;0.0487;0.0115;0.0246;0.0243;-0.0156;0.0077;0.0;0.0101;0.0406;0.0344;0.0445;0.0398;-0.0053;0.0404;0.0137;0.0515;0.0475;0.0171;0.0085;0.0786;0.0233;0.0415;0.0237;0.0139;0.0512;0.0218;0.0442;0.0508;0.0481;0.0512;0.0454;0.0227;0.0119;0.0544;0.0384;0.0432;0.0419;0.0377;0.0229;0.0403;0.0099;0.0175;0.0437;0.023;0.0038;0.0217;0.0323;-0.0015;0.0503;0.025;0.0052;-0.0005;-0.0153;0.0054;0.0432;0.058;0.051;0.0405;0.0231;0.0471;0.0003;0.025;0.0476;0.0216;0.042;0.0683;0.0465;0.0508;0.0144;0.019;0.0473;-0.0018;0.0438;0.0422;0.0186;0.0517;0.0435;0.0051;0.0453;0.0411;0.0498;0.0506;0.0776;0.0406;0.0512;0.0076;0.0235;0.0509;0.0468;0.0457;0.0442;0.0264;0.0179;-0.0095;0.0297;-0.0075;0.044;0.0235;0.0041;0.0372;0.0339;0.0453;;0.0204;0.0486;0.0344;0.0461;0.0325;0.0348;0.0419;0.0204;0.0212;0.0231;0.0207;0.037;0.0434;0.0019;0.0514;0.0482;0.0266;0.057;0.017;0.0128;0.0488;0.0011;-0.0163;0.0488;0.0466;0.0885;0.04;0.0054;0.0118;0.0473;-0.0014;0.0367;0.0144;0.0421;0.0483;0.0283;-0.0152;0.0201;0.0189;-0.0049;0.0514;0.0198;0.0449;0.0668;0.0518;-0.013;-0.0155;0.0512;0.0046;0.0459;0.0381;0.0495;0.0224;0.0512;0.0515;0.0122;0.0804;0.0478;0.002;0.0501;0.0355;0.0304;0.0284;0.0392;0.0397;-0.0106;0.0047;-0.0081;0.0485;0.0342;0.0268;0.0479
p0p50;2001;0.0476;0.0257;0.0452;0.0411;0.0303;0.0011;-0.0107;0.0487;0.1332;-0.0027;0.0204;0.048;0.0107;-0.0256;0.0243;0.0247;0.0093;0.0283;0.0491;0.0215;0.0113;0.0509;0.0386;0.0486;0.055;0.0143;-0.0042;0.0491;0.0456;0.0408;0.1373;0.048;0.0437;0.0493;0.0237;0.0354;0.0208;-0.0132;0.0392;0.0456;0.1292;0.0451;0.0581;0.0392;0.046;0.0223;0.0507;0.0525;-0.0163;0.0398;0.0475;0.0533;0.0;0.0044;-0.0153;0.0239;0.0239;0.047;0.0198;0.0514;0.0362;0.0285;0.0822;0.0748;0.0131;0.0306;0.0489;0.0144;0.0277;0.0487;0.0119;0.0245;0.0241;-0.0077;0.0079;0.0;0.011;0.0405;0.0342;0.0443;0.0384;-0.0067;0.0422;0.0089;0.0512;0.0474;0.0176;0.0098;0.0849;0.0231;0.0403;0.0235;0.014;0.051;0.0223;0.0441;0.0509;0.0478;0.051;0.0461;0.0226;0.0135;0.062;0.0382;0.0427;0.0407;0.0355;0.0228;0.0402;0.0104;0.019;0.0436;0.0225;0.006;0.025;0.0324;-0.0007;0.0504;0.0249;0.0062;0.0075;-0.0125;0.0053;0.0452;0.0608;0.0506;0.043;0.0235;0.0469;-0.0112;0.0233;0.0487;0.0211;0.0419;0.0675;0.0458;0.0505;0.0211;0.0212;0.0471;-0.0034;0.0454;0.042;0.0184;0.0514;0.0432;0.0051;0.0451;0.0396;0.0515;0.0506;0.0776;0.04;0.051;0.0079;0.0233;0.0505;0.0466;0.0453;0.044;0.0264;0.0195;-0.0086;0.0292;-0.0075;0.0439;0.023;0.0056;0.0432;0.0336;0.0449;;0.0218;0.0477;0.035;0.0462;0.0355;0.035;0.0419;0.0218;0.0227;0.0229;0.0184;0.0361;0.0436;0.0024;0.0512;0.0478;0.0314;0.0584;0.0169;0.0133;0.0484;0.0013;-0.0163;0.0501;0.0466;0.0884;0.0441;0.0069;0.0118;0.0474;0.002;0.0369;0.0135;0.0434;0.0481;0.0283;-0.0133;0.0209;0.0189;-0.0084;0.0509;0.0208;0.0459;0.0677;0.0517;-0.0129;-0.0153;0.051;0.0041;0.0459;0.0372;0.0493;0.0223;0.051;0.0516;0.0122;0.0804;0.0449;0.0011;0.0498;0.0322;0.0323;0.0284;0.0163;0.0395;-0.0106;0.0048;-0.0028;0.0482;0.0345;0.0266;0.0482
p0p50;2002;0.0473;0.0257;0.0413;0.0411;0.028;0.0016;-0.005;0.0486;0.1332;-0.0033;0.0277;0.0479;0.0105;-0.0258;0.0243;0.0246;0.0088;0.0275;0.0491;0.023;0.0103;0.0511;0.0369;0.0482;0.0555;0.0163;-0.003;0.0488;0.0456;0.0413;0.1359;0.0479;0.0444;0.0491;0.0237;0.0415;0.0146;-0.0132;0.0393;0.0456;0.1292;0.0435;0.0619;0.0389;0.046;0.0213;0.0497;0.0508;-0.0161;0.039;0.0472;0.0514;0.0;0.0094;-0.0152;0.0238;0.0224;0.0471;0.0195;0.0512;0.0373;0.0304;0.0815;0.0629;0.0128;0.0306;0.049;0.0144;0.0273;0.0487;0.0115;0.0245;0.0241;-0.0037;0.008;0.0;0.0115;0.0403;0.0342;0.0443;0.0367;-0.0077;0.0443;0.0043;0.0511;0.0475;0.0196;0.0103;0.0852;0.0231;0.0406;0.0235;0.014;0.0508;0.0197;0.0439;0.0511;0.0476;0.0508;0.0468;0.0225;0.0154;0.069;0.0382;0.0426;0.0398;0.0324;0.0227;0.0399;0.0106;0.0194;0.0436;0.0208;0.0078;0.0251;0.0318;0.0002;0.0495;0.0248;0.0072;0.0176;-0.0136;0.0055;0.0451;0.0662;0.0505;0.044;0.0235;0.0469;-0.0081;0.0257;0.0502;0.0177;0.0419;0.0665;0.0453;0.0506;0.0321;0.023;0.047;-0.0067;0.0478;0.0425;0.0187;0.0516;0.0429;0.0105;0.0457;0.0391;0.0502;0.051;0.0775;0.0398;0.0508;0.0079;0.0233;0.0503;0.0466;0.0452;0.044;0.0263;0.0218;-0.0079;0.0293;-0.0054;0.0438;0.0214;0.0062;0.0482;0.0337;0.0452;0.0474;0.0222;0.0472;0.0355;0.0465;0.0376;0.0347;0.0419;0.0222;0.0246;0.0229;0.016;0.0359;0.0419;0.0029;0.051;0.0477;0.0342;0.0605;0.0168;0.0132;0.0475;0.0023;-0.0161;0.0513;0.0468;0.0879;0.0405;0.0075;0.0158;0.0473;0.0067;0.0289;0.0125;0.0445;0.0481;0.0281;-0.0147;0.0214;0.0188;-0.0105;0.0507;0.0213;0.047;0.0675;0.0517;-0.0129;-0.0152;0.0508;0.0043;0.0454;0.0366;0.0493;0.0222;0.0508;0.0514;0.0121;0.0805;0.0452;0.0026;0.049;0.0229;0.0332;0.0352;0.0204;0.0395;-0.0108;0.0045;-0.0033;0.048;0.0352;0.0259;0.0485
p0p50;2003;0.0479;0.0261;0.0434;0.0411;0.0358;0.001;0.008;0.0484;0.1332;-0.0013;0.0048;0.0478;0.0104;-0.0261;0.0197;0.0198;0.0082;0.0274;0.0491;0.0239;0.0115;0.0509;0.0352;0.0479;0.0559;0.0159;-0.0014;0.0487;0.0456;0.042;0.136;0.0478;0.0444;0.0489;0.0199;0.0444;0.0183;-0.0132;0.0392;0.0457;0.1292;0.0394;0.0567;0.0395;0.046;0.0189;0.0499;0.0516;-0.0162;0.0381;0.0471;0.0525;0.0;0.0079;-0.016;0.0199;0.0196;0.0467;0.0193;0.051;0.0388;0.0321;0.0828;0.0667;0.0125;0.0306;0.0489;0.0148;0.028;0.0488;0.0111;0.0198;0.0196;-0.0013;0.0081;0.0;0.0119;0.0399;0.0342;0.0443;0.0358;-0.0086;0.0453;0.0097;0.051;0.0476;0.0173;0.0112;0.0839;0.0198;0.0408;0.0199;0.0138;0.0508;0.0203;0.045;0.0512;0.0478;0.0508;0.0451;0.0197;0.0151;0.0673;0.0383;0.0425;0.0389;0.0335;0.0197;0.04;0.0109;0.0184;0.0442;0.0207;0.0098;0.0257;0.0325;0.0002;0.0492;0.0199;0.0083;0.0317;-0.0145;0.0106;0.0451;0.0699;0.0504;0.0449;0.0233;0.0469;-0.0068;0.0232;0.0516;0.0165;0.0419;0.0676;0.0449;0.0505;0.0372;0.0224;0.0468;-0.01;0.0498;0.0426;0.0185;0.0515;0.043;0.0032;0.0464;0.0381;0.0532;0.0511;0.0775;0.0378;0.0508;0.0106;0.0198;0.0503;0.0467;0.0457;0.0445;0.0263;0.0215;-0.0069;0.0299;-0.0035;0.0433;0.0214;0.0071;0.0522;0.0337;0.0454;;0.021;0.0474;0.0357;0.0464;0.0409;0.0353;0.0422;0.0211;0.0261;0.0197;0.0135;0.0337;0.0419;0.003;0.0511;0.0484;0.038;0.0603;0.0168;0.0127;0.0475;0.0024;-0.0164;0.0527;0.0469;0.088;0.0373;0.0082;0.0104;0.047;0.011;0.0232;0.0127;0.0451;0.0481;0.0279;-0.0157;0.0207;0.0158;-0.0117;0.0509;0.0206;0.0472;0.0685;0.0517;-0.0127;-0.016;0.0508;0.0051;0.0452;0.0357;0.0496;0.0196;0.0508;0.0514;0.0121;0.0805;0.0467;0.0039;0.0488;0.0341;0.0348;0.0397;0.0261;0.0395;-0.0111;0.0044;-0.0014;0.0477;0.0356;0.0255;0.0484
p0p50;2004;0.0496;0.0268;0.0323;0.0411;0.0392;0.0016;0.0317;0.0483;0.1331;0.0014;-0.0067;0.0479;0.01;-0.0261;0.0255;0.0255;0.0077;0.027;0.0492;0.0248;0.0115;0.0503;0.033;0.0475;0.0557;0.0165;0.0007;0.0485;0.0452;0.0419;0.1317;0.0479;0.0442;0.0489;0.0255;0.0405;0.0208;-0.0131;0.0395;0.0458;0.1292;0.0352;0.0542;0.0407;0.0461;0.0184;0.0499;0.0525;-0.0154;0.0376;0.0473;0.0536;0.0;0.0068;-0.0144;0.0253;0.0252;0.0471;0.0195;0.0509;0.0405;0.0328;0.0838;0.0703;0.0149;0.0307;0.0486;0.015;0.0289;0.049;0.0116;0.0254;0.0255;0.0018;0.0082;0.0;0.0126;0.044;0.0343;0.0444;0.0348;-0.0095;0.046;0.0161;0.051;0.0479;0.0188;0.0117;0.088;0.0255;0.0416;0.0254;0.0141;0.0507;0.0235;0.0442;0.0509;0.0476;0.0507;0.0422;0.0253;0.0163;0.0659;0.0383;0.0419;0.0382;0.0354;0.0253;0.04;0.0117;0.0179;0.0439;0.0205;0.0117;0.0261;0.0337;0.0025;0.0493;0.0253;0.01;0.0326;-0.0133;0.0175;0.0452;0.07;0.0505;0.0455;0.0231;0.047;-0.0068;0.0231;0.0516;0.0161;0.0403;0.0672;0.0442;0.0508;0.0206;0.0231;0.0469;-0.0091;0.051;0.0419;0.0206;0.0516;0.0436;0.0093;0.047;0.0367;0.0573;0.0506;0.0774;0.0361;0.0507;0.0199;0.0254;0.0502;0.0469;0.0463;0.0431;0.0263;0.023;-0.0057;0.0293;-0.001;0.0424;0.0211;0.0078;0.0539;0.0338;0.045;0.0486;0.0206;0.047;0.0364;0.0462;0.0434;0.0365;0.0424;0.0206;0.0272;0.0253;0.011;0.0323;0.0412;0.0048;0.0512;0.049;0.0387;0.0606;0.0168;0.0132;0.0476;0.0039;-0.0154;0.0531;0.0471;0.089;0.0366;0.009;0.0033;0.0469;0.0172;0.0166;0.0129;0.0457;0.0482;0.028;-0.0143;0.02;0.0092;-0.0126;0.0514;0.0197;0.0473;0.0686;0.0517;-0.0127;-0.0144;0.0507;0.0064;0.0452;0.035;0.0482;0.0254;0.0507;0.0514;0.0121;0.0803;0.0473;0.0019;0.0488;0.0419;0.0353;0.0438;0.0315;0.0396;-0.0113;0.0049;0.0013;0.0475;0.036;0.0252;0.0477
p0p50;2005;0.049;0.0268;0.0451;0.0412;0.043;0.0017;0.0272;0.0479;0.1332;0.0001;-0.0069;0.048;0.0097;-0.0263;0.0275;0.0276;0.0072;0.0266;0.0491;0.0254;0.011;0.0501;0.0307;0.0474;0.0554;0.0171;0.0025;0.0485;0.0447;0.0429;0.1272;0.048;0.044;0.0492;0.0277;0.0381;0.0262;-0.013;0.0392;0.0462;0.1292;0.0433;0.0556;0.038;0.0461;0.0132;0.05;0.0511;-0.0149;0.0354;0.0468;0.0511;0.0;0.0053;-0.0138;0.0277;0.0277;0.0466;0.0213;0.0509;0.0403;0.0342;0.0845;0.0642;0.0156;0.0307;0.0484;0.0148;0.0275;0.049;0.0112;0.0276;0.0275;0.0003;0.008;0.0;0.0118;0.0452;0.0342;0.0444;0.0343;-0.0102;0.0468;0.0222;0.0506;0.0479;0.0186;0.011;0.0881;0.0276;0.0424;0.0277;0.014;0.0505;0.0236;0.0438;0.0507;0.0474;0.0505;0.0349;0.0275;0.017;0.0651;0.0382;0.0411;0.0374;0.0361;0.0275;0.04;0.0126;0.0186;0.0436;0.0205;0.0142;0.0262;0.032;0.0051;0.0492;0.0277;0.0117;0.0334;-0.0134;0.0259;0.0451;0.0717;0.0509;0.046;0.0229;0.047;-0.0048;0.0233;0.052;0.0088;0.0382;0.0673;0.0433;0.0504;0.0065;0.0238;0.0467;-0.0087;0.0513;0.0415;0.0294;0.0515;0.043;0.0101;0.0474;0.0357;0.0571;0.0504;0.0774;0.0369;0.0489;0.0344;0.0276;0.0501;0.0464;0.047;0.0466;0.0263;0.0238;-0.0047;0.0293;0.0019;0.0408;0.0212;0.0068;0.0557;0.0337;0.0452;0.0488;0.0213;0.047;0.0359;0.0458;0.0446;0.0341;0.0421;0.0213;0.0272;0.0276;0.0092;0.0331;0.0406;0.0073;0.0512;0.0466;0.0386;0.0608;0.0168;0.0127;0.0475;0.0053;-0.0149;0.0539;0.0471;0.089;0.0471;0.0079;-0.0009;0.0453;0.0216;0.0178;0.0124;0.0463;0.0482;0.0275;-0.0139;0.0205;0.0078;-0.0117;0.0503;0.0204;0.0474;0.0692;0.0516;-0.0127;-0.0138;0.0505;0.0073;0.0456;0.0335;0.0483;0.0275;0.0505;0.0513;0.0122;0.0804;0.048;0.0019;0.0483;0.0521;0.0271;0.0452;0.0352;0.0216;-0.0113;0.0033;0.0;0.0471;0.0358;0.0245;0.0465
p0p50;2006;0.0487;0.0272;0.0403;0.041;0.0446;0.0024;0.0209;0.0476;0.1331;-0.0063;-0.0071;0.0478;0.0125;-0.0264;0.0202;0.0203;0.0065;0.0262;0.0492;0.0258;0.0113;0.0508;0.0288;0.0473;0.0555;0.018;0.0055;0.0487;0.0438;0.0424;0.1229;0.0478;0.0439;0.0477;0.0202;0.0373;0.0304;-0.013;0.0392;0.0465;0.1292;0.0458;0.0565;0.0355;0.0461;0.0116;0.0503;0.0482;-0.0153;0.0348;0.0464;0.0484;0.0;0.0037;-0.0157;0.0203;0.0202;0.0465;0.0245;0.0511;0.0406;0.0352;0.0846;0.0575;0.0152;0.0308;0.0481;0.0138;0.0257;0.0491;0.0107;0.0201;0.02;-0.0116;0.008;0.0;0.0094;0.0461;0.0366;0.0444;0.0344;-0.0093;0.0473;0.0195;0.051;0.0481;0.0197;0.0085;0.0858;0.0203;0.042;0.0201;0.0139;0.0505;0.0242;0.0449;0.0505;0.0472;0.0505;0.0222;0.0204;0.0181;0.061;0.0382;0.0417;0.0381;0.0368;0.0202;0.04;0.0138;0.0169;0.0433;0.0212;0.0172;0.0267;0.0298;0.0063;0.0488;0.0201;0.0126;0.0349;-0.0154;0.0328;0.0451;0.0701;0.0515;0.0466;0.0227;0.047;0.0079;0.0239;0.0531;0.0086;0.0371;0.0672;0.0416;0.0505;-0.0034;0.0248;0.0471;-0.0105;0.0516;0.0427;0.026;0.0514;0.0426;0.0118;0.0457;0.0359;0.056;0.0504;0.0774;0.035;0.0493;0.037;0.0201;0.05;0.0459;0.0475;0.0424;0.0264;0.025;-0.0035;0.0295;0.0058;0.0391;0.0218;0.0039;0.0559;0.0337;0.045;0.049;0.0199;0.047;0.036;0.0457;0.0453;0.032;0.0417;0.0198;0.0276;0.0203;0.0255;0.0312;0.0409;0.0084;0.0513;0.0456;0.0397;0.0583;0.0168;0.0132;0.0477;0.0064;-0.0152;0.0545;0.0472;0.0888;-0.0009;0.0054;0.0072;0.0466;0.0308;0.0164;0.0126;0.0468;0.0482;0.0285;-0.016;0.019;0.0036;-0.0107;0.0495;0.0189;0.0467;0.0693;0.0514;-0.0127;-0.0157;0.0505;0.008;0.0449;0.0326;0.0465;0.0204;0.0505;0.051;0.0111;0.0801;0.0475;0.0021;0.0483;0.0556;0.0281;0.0451;0.0333;0.0251;-0.0114;0.0044;-0.0064;0.047;0.0353;0.0242;0.047
p0p50;2007;0.0464;0.028;0.0312;0.0412;0.0454;0.0016;0.0182;0.0476;0.1332;-0.0253;-0.0083;0.0476;0.016;-0.026;0.0179;0.018;0.0056;0.026;0.0492;0.026;0.0121;0.0498;0.0266;0.0472;0.0555;0.0182;0.008;0.0488;0.0426;0.042;0.1182;0.0476;0.0434;0.0475;0.0181;0.0385;0.0334;-0.013;0.0394;0.0463;0.1292;0.0475;0.0536;0.0343;0.0456;0.0103;0.0507;0.0464;-0.0168;0.0223;0.0463;0.0467;0.0;0.0024;-0.0164;0.0181;0.0179;0.0467;0.0018;0.0512;0.0388;0.036;0.0816;0.0514;0.0157;0.0308;0.048;0.0136;0.0243;0.0492;0.0112;0.018;0.0179;-0.0417;0.0079;0.0;0.0036;0.0468;0.0385;0.0444;0.0346;-0.0082;0.0466;0.0173;0.0509;0.0483;0.0201;0.0024;0.0758;0.0179;0.0408;0.0178;0.0142;0.0504;0.0218;0.0442;0.0503;0.0478;0.0504;0.0125;0.0181;0.0193;0.0622;0.0372;0.0413;0.0391;0.0415;0.0178;0.0402;0.0145;0.0142;0.0426;0.0223;0.0191;0.0269;0.0284;0.0075;0.0469;0.018;0.0119;0.0356;-0.0156;0.0376;0.0468;0.0724;0.0514;0.0463;0.0228;0.047;-0.0026;0.0235;0.0528;0.0071;0.0359;0.0652;0.0389;0.0505;-0.0089;0.026;0.0473;-0.01;0.0511;0.0417;0.0234;0.0514;0.0431;0.0135;0.0427;0.0361;0.0601;0.0497;0.0774;0.0324;0.0463;0.0393;0.018;0.0484;0.0456;0.0474;0.0378;0.0265;0.0259;-0.0023;0.03;0.01;0.0376;0.0229;-0.0034;0.0559;0.0337;0.0451;0.0492;0.0175;0.0465;0.0343;0.0457;0.0459;0.031;0.0416;0.0176;0.028;0.0178;0.0384;0.0284;0.041;0.0089;0.0514;0.0447;0.04;0.0559;0.0168;0.0126;0.0476;0.0065;-0.017;0.0545;0.0473;0.0811;0.0353;-0.0029;0.0112;0.0475;0.0358;0.0222;0.0131;0.0472;0.0482;0.0279;-0.0168;0.0167;-0.0022;-0.009;0.0466;0.0165;0.0466;0.0673;0.051;-0.0127;-0.0164;0.0504;0.0088;0.0447;0.0287;0.0488;0.0181;0.0504;0.0513;0.0102;0.0799;0.0477;0.0026;0.0481;0.0535;0.029;0.045;0.0318;0.0252;-0.0114;0.0051;-0.0253;0.0469;0.0346;0.0239;0.0473
p0p50;2008;0.0468;0.0269;0.0434;0.0411;0.0461;0.0028;0.0142;0.0481;0.1332;-0.0473;-0.0092;0.0474;0.0191;-0.0248;0.0219;0.022;0.0044;0.0252;0.0492;0.0267;0.0115;0.0498;0.0249;0.0475;0.0556;0.0181;0.0074;0.049;0.0404;0.0424;0.1151;0.0474;0.0435;0.0473;0.022;0.0415;0.036;-0.013;0.0393;0.0462;0.1291;0.0486;0.0451;0.0342;0.045;0.0086;0.0509;0.0462;-0.0166;0.0348;0.0466;0.0464;0.0;0.0014;-0.0153;0.0221;0.0219;0.0464;0.0005;0.0509;0.0394;0.0352;0.0772;0.0451;0.0158;0.0309;0.0482;0.0135;0.0243;0.0493;0.0111;0.0218;0.0219;-0.0812;0.008;0.0;-0.0019;0.0465;0.0416;0.0444;0.0341;-0.0069;0.0464;0.0138;0.0508;0.0484;0.0182;-0.0046;0.0792;0.022;0.0403;0.0218;0.0138;0.0504;0.0214;0.0439;0.0504;0.0479;0.0504;0.0044;0.0217;0.0185;0.0657;0.0359;0.0408;0.0403;0.0443;0.0219;0.0402;0.0159;0.0112;0.0424;0.0217;0.0209;0.0269;0.0283;0.0074;0.0468;0.0201;0.012;0.0365;-0.0147;0.0435;0.0478;0.0689;0.0512;0.0458;0.0227;0.0473;0.0098;0.0209;0.0514;0.0055;0.0346;0.0625;0.0397;0.0504;-0.0113;0.0253;0.0475;-0.0088;0.0508;0.042;0.0188;0.0512;0.0424;0.0084;0.0464;0.0345;0.0631;0.0493;0.0774;0.0299;0.0461;0.0345;0.0218;0.0501;0.0463;0.0473;0.0448;0.0258;0.0251;-0.0006;0.0294;0.0135;0.0366;0.0225;-0.0121;0.0561;0.0337;0.0451;0.0492;0.0146;0.0468;0.0351;0.0456;0.0466;0.0308;0.0423;0.0145;0.029;0.0218;0.0439;0.0261;0.0409;0.0093;0.0512;0.0449;0.0416;0.0565;0.0167;0.0126;0.0475;0.0069;-0.0166;0.053;0.0472;0.0807;0.0445;-0.0102;0.0064;0.0479;0.0397;0.0245;0.0126;0.0475;0.0482;0.0281;-0.0156;0.0135;-0.0058;-0.0064;0.0476;0.0134;0.047;0.0638;0.0503;-0.0126;-0.0153;0.0504;0.0088;0.0445;0.0314;0.049;0.0219;0.0504;0.0515;0.0094;0.0802;0.0451;0.0056;0.0481;0.0479;0.0294;0.0449;0.0293;0.0258;-0.0115;0.0054;-0.0474;0.0473;0.0355;0.0238;0.0464
p0p50;2009;0.0467;0.0275;0.0479;0.0412;0.0468;0.0042;0.0106;0.0485;0.1332;-0.0413;-0.01;0.0473;0.0222;-0.0251;0.0287;0.029;0.0028;0.0262;0.0492;0.0274;0.0109;0.0497;0.0271;0.0481;0.0568;0.0203;0.0014;0.0491;0.0377;0.0403;0.1118;0.0473;0.0436;0.0475;0.0289;0.0434;0.0369;-0.0128;0.0393;0.0453;0.129;0.0487;0.05;0.0318;0.0443;0.0073;0.0504;0.0421;-0.0137;0.0308;0.0469;0.0428;0.0;0.0004;-0.013;0.029;0.0288;0.046;0.0021;0.0509;0.0438;0.034;0.0767;0.0377;0.0155;0.0309;0.0491;0.0141;0.0224;0.0494;0.0115;0.0288;0.0288;-0.0757;0.0079;0.0;-0.001;0.0462;0.0434;0.0444;0.033;-0.0051;0.0471;0.0111;0.0507;0.0485;0.0187;-0.0027;0.0722;0.029;0.0389;0.029;0.0135;0.0506;0.0242;0.0444;0.0508;0.0479;0.0506;-0.002;0.0289;0.0207;0.0644;0.0348;0.0409;0.0409;0.0453;0.0289;0.04;0.0172;0.0095;0.0417;0.0204;0.026;0.0269;0.0263;0.0074;0.047;0.0288;0.013;0.0369;-0.0129;0.0453;0.0488;0.0746;0.0512;0.0455;0.0235;0.0475;0.0116;0.0226;0.0522;0.0042;0.0326;0.0633;0.0405;0.0505;-0.0113;0.0273;0.0478;-0.0094;0.0517;0.0434;0.0059;0.0511;0.0415;0.0189;0.0471;0.034;0.0482;0.0505;0.0775;0.0304;0.0485;0.0301;0.0289;0.05;0.0471;0.046;0.0469;0.0221;0.0272;0.001;0.0301;0.0175;0.0354;0.0216;-0.0103;0.0594;0.0337;0.0455;0.0492;0.0131;0.048;0.0358;0.0457;0.0472;0.0287;0.0431;0.013;0.0293;0.0288;0.0456;0.0254;0.0402;0.0104;0.0513;0.0481;0.0414;0.0536;0.0167;0.0132;0.0471;0.0071;-0.0137;0.0535;0.0474;0.0817;0.0042;-0.0093;-0.0033;0.0482;0.0366;0.0276;0.0116;0.0477;0.0482;0.0279;-0.0137;0.0117;-0.0048;-0.0029;0.0511;0.0117;0.0457;0.0632;0.0511;-0.0126;-0.013;0.0506;0.009;0.0445;0.033;0.0491;0.0289;0.0506;0.0514;0.0082;0.0806;0.0471;0.004;0.0482;0.0299;0.0313;0.0448;0.0271;0.0312;-0.0113;0.0062;-0.0413;0.0476;0.0366;0.0238;0.0473
p0p50;2010;0.0469;0.0279;0.0485;0.041;0.0471;0.0043;0.0077;0.0483;0.1331;-0.0356;-0.0104;0.0469;0.028;-0.0248;0.0318;0.0319;0.0029;0.0253;0.0491;0.0193;0.0112;0.0505;0.0292;0.0477;0.024;0.0188;-0.003;0.0489;0.0408;0.0374;0.0701;0.0469;0.0434;0.0471;0.032;0.0451;0.0376;-0.0126;0.0393;0.0447;0.1291;0.0486;0.0329;0.0306;0.0431;0.0092;0.0502;0.0405;-0.0137;0.0259;0.0468;0.0409;0.0;-0.0005;-0.0123;0.032;0.0318;0.046;0.0009;0.0508;0.0441;0.0326;0.0698;0.0296;0.0164;0.0308;0.0487;0.014;0.0213;0.0492;0.0114;0.0319;0.0317;-0.068;0.0076;0.0;0.0006;0.0455;0.0443;0.0442;0.0317;-0.0036;0.0355;0.0186;0.0506;0.0484;0.0129;-0.0011;0.0752;0.0318;0.0383;0.0319;0.0134;0.0505;0.0241;0.0434;0.051;0.0477;0.0505;-0.006;0.0318;0.0185;0.0581;0.0326;0.0397;0.0419;0.0438;0.0318;0.04;0.0176;0.0089;0.0404;0.0204;0.0284;0.0267;0.0248;0.0083;0.0487;0.0292;0.013;0.0387;-0.0114;0.0449;0.0486;0.0504;0.051;0.0449;0.0231;0.0474;0.0143;0.0154;0.0483;0.0058;0.0306;0.0592;0.0408;0.0507;-0.0114;0.0257;0.0477;-0.0092;0.0386;0.0425;0.0179;0.0509;0.0416;0.0087;0.0463;0.0313;0.0495;0.0493;0.0775;0.0222;0.0467;0.0302;0.0319;0.0497;0.0473;0.0446;0.0474;0.0205;0.0247;-0.0002;0.0292;0.0206;0.0333;0.0212;-0.0084;0.0412;0.0335;0.0454;0.049;0.0125;0.0472;0.0358;0.0453;0.0473;0.0282;0.0433;0.0126;0.0219;0.0318;0.0468;0.0188;0.0394;0.011;0.0512;0.0449;0.0407;0.0475;0.0166;0.013;0.0464;0.0076;-0.0138;0.0502;0.0473;0.081;0.0467;-0.0073;0.0016;0.0481;0.0326;0.0253;0.0119;0.0478;0.0477;0.0285;-0.0117;0.011;-0.0037;0.002;0.0516;0.011;0.0422;0.0595;0.0506;-0.0123;-0.0123;0.0505;0.0101;0.0431;0.0349;0.049;0.0317;0.0505;0.0512;0.0073;0.0802;0.0475;0.0044;0.0478;0.0346;0.0322;0.0444;0.025;0.035;-0.0113;0.0058;-0.0356;0.0477;0.037;0.0237;0.0466
p0p50;2011;0.0451;0.0273;0.0478;0.0409;0.0474;0.0045;0.0072;0.0479;0.1266;-0.0341;-0.0102;0.0467;0.032;-0.0247;0.0295;0.0296;0.0028;0.0249;0.0473;0.021;0.0119;0.0505;0.0312;0.0477;0.01;0.0192;-0.0061;0.0489;0.043;0.0345;0.0653;0.0467;0.0434;0.047;0.0297;0.0455;0.0389;-0.0125;0.0392;0.0455;0.1284;0.0486;0.0314;0.0295;0.0406;0.0106;0.0502;0.0386;-0.0143;0.0331;0.047;0.0391;0.0;0.0031;-0.0128;0.0297;0.0295;0.0461;0.0;0.0507;0.0424;0.0317;0.0643;0.0233;0.018;0.0308;0.0485;0.0142;0.0206;0.0493;0.0148;0.0296;0.0297;-0.0623;0.0078;0.0;0.0024;0.0452;0.0448;0.0434;0.0312;-0.0021;0.0347;0.0281;0.0503;0.0484;0.0121;0.0009;0.0732;0.0296;0.0388;0.0297;0.013;0.0504;0.0237;0.0437;0.0508;0.0481;0.0504;-0.0058;0.0295;0.0189;0.0596;0.0312;0.0393;0.0423;0.0422;0.0296;0.04;0.0277;0.0088;0.0396;0.0217;0.0316;0.0265;0.0241;0.0069;0.0488;0.0272;0.013;0.0414;-0.0125;0.045;0.0486;0.0468;0.0506;0.0445;0.0261;0.0476;0.0097;0.0146;0.0455;0.0082;0.028;0.0548;0.0418;0.0507;-0.0114;0.0259;0.0477;-0.0099;0.0386;0.0374;0.026;0.0508;0.042;0.0152;0.0477;0.0334;0.0422;0.0486;0.0746;0.025;0.0462;0.0295;0.0296;0.0494;0.0476;0.0461;0.0471;0.0193;0.0254;-0.0013;0.0295;0.0269;0.032;0.0222;-0.0059;0.0381;0.0363;0.0335;0.0489;0.0121;0.0477;0.0369;0.0453;0.0477;0.0271;0.0436;0.0122;0.0224;0.0298;0.0475;0.0214;0.0393;0.0106;0.0511;0.0451;0.0399;0.0505;0.0169;0.013;0.0471;0.0074;-0.0143;0.0468;0.0475;0.077;0.031;-0.0042;-0.0007;0.0474;0.0279;0.024;0.0126;0.0481;0.0474;0.0278;-0.0133;0.0107;-0.0047;0.0091;0.0516;0.0107;0.0384;0.0553;0.0505;-0.0112;-0.0128;0.0504;0.0122;0.0433;0.0363;0.0492;0.0295;0.0504;0.0512;0.0063;0.0791;0.0468;0.0044;0.0477;0.0295;0.0329;0.0441;0.0301;0.0376;-0.0113;0.0055;-0.0342;0.0481;0.0364;0.0234;0.0451
p0p50;2012;0.0442;0.0265;0.0491;0.0409;0.0479;0.004;0.0066;0.048;0.112;-0.0299;-0.01;0.0466;0.0347;-0.0242;0.0376;0.0377;0.0029;0.0248;0.0436;0.0211;0.0126;0.0497;0.0332;0.0476;-0.0066;0.0185;-0.0085;0.0487;0.0442;0.0329;0.0658;0.0466;0.0434;0.0471;0.0377;0.0453;0.0402;-0.0124;0.0391;0.0462;0.125;0.0486;0.0337;0.0295;0.0379;0.0109;0.0497;0.0384;-0.0125;0.033;0.0473;0.0386;0.0;0.0082;-0.0112;0.0378;0.0376;0.046;-0.0008;0.0509;0.0427;0.0302;0.064;0.0164;0.0187;0.0308;0.0488;0.0143;0.0201;0.0493;0.0185;0.0377;0.0376;-0.0534;0.0078;0.0;0.0048;0.0449;0.0454;0.0289;0.0302;-0.0001;0.0348;0.0355;0.0501;0.0484;0.0132;0.0035;0.0659;0.0377;0.0398;0.0377;0.0135;0.0503;0.0227;0.0424;0.0507;0.048;0.0503;-0.006;0.0376;0.019;0.0524;0.035;0.0384;0.0429;0.0389;0.0377;0.0399;0.0354;0.0087;0.0395;0.023;0.0303;0.0266;0.0235;0.008;0.0483;0.0346;0.0126;0.043;-0.0118;0.045;0.0485;0.0484;0.05;0.0437;0.0429;0.0478;0.0088;0.0156;0.045;0.0081;0.0214;0.0556;0.0443;0.0506;-0.0114;0.0249;0.0477;-0.0094;0.0387;0.0295;0.0336;0.0509;0.0419;0.0107;0.0485;0.0359;0.0447;0.0486;0.0701;0.0268;0.0461;0.0312;0.0377;0.0491;0.0481;0.0473;0.049;0.0183;0.0251;-0.0024;0.0299;0.0316;0.0293;0.0236;-0.0029;0.0398;0.0383;0.0275;0.0489;0.0121;0.0479;0.0367;0.0453;0.0473;0.0265;0.0441;0.0123;0.0224;0.0378;0.0475;0.0226;0.0383;0.0106;0.051;0.0461;0.0391;0.0534;0.0165;0.013;0.0477;0.0075;-0.0125;0.0458;0.0477;0.0719;0.0491;-0.0013;-0.0016;0.0477;0.0206;0.0305;0.0132;0.0481;0.0472;0.0279;-0.012;0.0107;-0.0073;0.0173;0.0515;0.0107;0.0372;0.0542;0.0504;-0.0105;-0.0112;0.0461;0.0129;0.0432;0.0361;0.0494;0.0376;0.0503;0.0508;0.0064;0.0822;0.0469;0.0035;0.0483;0.0413;0.0344;0.0441;0.0343;0.0417;-0.0113;0.0053;-0.03;0.0482;0.0364;0.0229;0.0444
p0p50;2013;0.0422;0.0254;0.0482;0.0408;0.0479;0.0044;0.0059;0.0482;0.1007;-0.0215;-0.0096;0.0464;0.0367;-0.0245;0.0339;0.0339;0.0027;0.0248;0.0257;0.0208;0.012;0.0496;0.0346;0.0475;-0.0137;0.0201;-0.0103;0.0486;0.0447;0.028;0.0657;0.0464;0.0435;0.0472;0.034;0.028;0.0415;-0.0122;0.039;0.0463;0.1237;0.0486;0.0352;0.0294;0.0401;0.0105;0.05;0.0374;-0.0133;0.033;0.0469;0.0376;0.0;0.0136;-0.0118;0.0338;0.0338;0.0461;-0.0005;0.0509;0.0421;0.0283;0.0631;0.021;0.0191;0.0308;0.0485;0.0145;0.0206;0.0493;0.0232;0.0338;0.0338;-0.0391;0.008;0.0;0.007;0.0456;0.0458;-0.0056;0.0293;0.0019;0.036;0.0334;0.0504;0.0477;0.0114;0.0059;0.0628;0.0338;0.0401;0.0339;0.0136;0.0502;0.0228;0.042;0.0507;0.0479;0.0502;-0.0059;0.0337;0.0211;0.0344;0.0375;0.0374;0.0424;0.0382;0.0339;0.0399;0.0413;0.0092;0.0396;0.023;0.0289;0.0266;0.0241;0.0086;0.0486;0.0312;0.0131;0.0439;-0.0127;0.045;0.0485;0.0492;0.0506;0.043;0.0371;0.0481;0.0134;0.0171;0.0451;0.0083;0.0183;0.0552;0.0454;0.0508;-0.0114;0.0268;0.0477;-0.0087;0.0382;0.0312;0.032;0.0511;0.042;0.0261;0.0479;0.0393;0.0427;0.049;0.0678;0.0266;0.0461;0.0316;0.0339;0.0492;0.0484;0.0474;0.0483;0.0185;0.0278;-0.0029;0.0299;0.0349;0.0311;0.0237;0.0002;0.0413;0.042;0.0223;0.0488;0.0126;0.0476;0.0362;0.0453;0.0471;0.0266;0.0445;0.0126;0.0221;0.0338;0.0475;0.0229;0.0374;0.0116;0.0506;0.046;0.0395;0.0511;0.0165;0.0129;0.0477;0.0079;-0.0133;0.046;0.0473;0.0694;0.0478;0.0011;0.0094;0.0481;0.0166;0.0333;0.0129;0.0482;0.0469;0.028;-0.0127;0.0117;-0.0061;0.0279;0.0514;0.0114;0.0319;0.0542;0.0501;-0.0089;-0.0118;0.0461;0.013;0.0427;0.0377;0.0492;0.0337;0.0502;0.0504;0.0063;0.0835;0.0459;0.004;0.0481;0.0407;0.0332;0.0441;0.0343;0.0417;-0.0113;0.0052;-0.0216;0.0484;0.0356;0.0225;0.0445
p0p50;2014;0.0403;0.0246;0.048;0.0407;0.0477;0.0046;0.0054;0.048;0.0914;-0.0162;-0.0091;0.0461;0.0391;-0.0527;0.0359;0.036;0.0029;0.025;0.0033;0.0205;0.012;0.0485;0.0341;0.0474;-0.0253;0.0194;-0.011;0.0485;0.045;0.0276;0.0654;0.0461;0.0433;0.047;0.036;0.037;0.0421;-0.0114;0.0388;0.0464;0.1218;0.0486;0.0353;0.0304;0.0417;0.0107;0.0494;0.037;-0.0127;0.0328;0.047;0.0375;0.0;0.0193;-0.0114;0.0361;0.0359;0.0462;0.0005;0.0508;0.0408;0.0271;0.0604;0.0247;0.0194;0.0307;0.0483;0.0144;0.0207;0.0484;0.0261;0.036;0.0359;-0.0293;0.0082;0.0;0.0085;0.0464;0.0462;0.0345;0.0285;0.006;0.0352;0.0311;0.0505;0.0477;0.0116;0.0076;0.0611;0.036;0.04;0.036;0.0136;0.05;0.0224;0.0413;0.0508;0.048;0.05;-0.0058;0.0359;0.0204;0.0411;0.0414;0.0367;0.042;0.0376;0.0359;0.0397;0.0444;0.0103;0.0394;0.0226;0.0277;0.0263;0.024;0.0089;0.0479;0.036;0.0129;0.0445;-0.0123;0.045;0.0484;0.0501;0.0505;0.0428;0.0374;0.0481;0.0262;0.0171;0.0435;0.0073;0.0144;0.0529;0.0461;0.0506;-0.0113;0.0259;0.0476;-0.0086;0.0374;0.0294;0.0286;0.051;0.0423;0.0186;0.0487;0.041;0.0392;0.049;0.0658;0.0268;0.046;0.0325;0.036;0.0487;0.0486;0.0475;0.0485;0.0184;0.0271;-0.0037;0.0297;0.0371;0.0327;0.0233;0.0023;0.042;0.0418;0.029;0.0486;0.0138;0.0472;0.0353;0.0451;0.0467;0.0275;0.0447;0.0137;0.0219;0.0359;0.0473;0.0231;0.0369;0.0115;0.0503;0.0463;0.0402;0.0501;0.0164;0.0123;0.0479;0.0079;-0.0127;0.0442;0.0469;0.063;0.0482;0.0035;0.0031;0.047;0.0111;0.0341;0.0126;0.0482;0.0464;0.0282;-0.0121;0.0122;-0.0063;0.0358;0.0513;0.0121;0.031;0.0523;0.0496;-0.0069;-0.0114;0.046;0.0134;0.0423;0.0376;0.0494;0.0359;0.05;0.0504;0.0062;0.0813;0.0445;0.004;0.0467;0.0403;0.0323;0.0439;0.0342;0.0415;-0.0114;0.0095;-0.0163;0.0485;0.035;0.0226;0.0444
p0p50;2015;0.0384;0.0249;0.0473;0.0409;0.0478;0.0037;0.0045;0.0482;0.0842;-0.016;-0.0086;0.0461;0.042;-0.0472;0.0368;0.0367;0.0027;0.0246;-0.0072;0.0208;0.0121;0.0496;0.034;0.0475;-0.0176;0.0216;-0.011;0.0486;0.0461;0.0303;0.0644;0.0461;0.0435;0.047;0.0368;0.0349;0.0422;-0.0108;0.0389;0.0464;0.1194;0.0487;0.0327;0.0321;0.0431;0.0099;0.0492;0.0389;-0.0126;0.0329;0.0478;0.0403;0.0;0.0281;-0.0117;0.0368;0.0367;0.0467;0.0005;0.0509;0.0395;0.0271;0.0604;0.0256;0.0189;0.0309;0.0482;0.0145;0.0229;0.0485;0.0267;0.0368;0.0368;-0.0286;0.0081;0.0;0.0088;0.0471;0.0469;0.0301;0.0282;0.0104;0.0353;0.029;0.0498;0.0476;0.0104;0.0078;0.0669;0.0368;0.0389;0.0369;0.0138;0.0502;0.0214;0.0408;0.051;0.0481;0.0502;-0.006;0.0368;0.0226;0.0543;0.0436;0.036;0.0419;0.0373;0.0367;0.04;0.0458;0.0109;0.0395;0.0226;0.026;0.0266;0.0267;0.0076;0.0481;0.0368;0.0122;0.0446;-0.0121;0.0452;0.0485;0.0507;0.0505;0.0429;0.0426;0.0479;0.0105;0.0165;0.0444;0.0078;0.0112;0.0525;0.044;0.0507;-0.0112;0.0285;0.0477;-0.0092;0.0377;0.0346;0.0385;0.0511;0.0431;0.033;0.049;0.0414;0.0453;0.049;0.0644;0.0266;0.0473;0.0323;0.0367;0.049;0.0488;0.0475;0.0486;0.0185;0.0294;-0.0044;0.0298;0.0404;0.0352;0.0233;0.0027;0.0427;0.042;0.033;0.0487;0.0144;0.0474;0.0349;0.0453;0.0463;0.029;0.0449;0.0144;0.0223;0.0367;0.0474;0.0223;0.0365;0.011;0.0505;0.0464;0.041;0.0498;0.0164;0.0123;0.0479;0.0076;-0.0127;0.0445;0.0467;0.0551;0.0482;0.0037;0.0069;0.0456;0.0082;0.0301;0.0126;0.0484;0.0465;0.0387;-0.0119;0.0127;-0.0049;0.0359;0.051;0.0127;0.0344;0.0517;0.05;-0.0043;-0.0117;0.0462;0.0136;0.0419;0.0381;0.0488;0.0367;0.0502;0.0507;0.0064;0.0792;0.044;0.0033;0.0483;0.0405;0.0321;0.044;0.0343;0.0416;-0.0129;0.0112;-0.0161;0.0486;0.0344;0.0225;0.0445
p0p50;2016;0.038;0.0253;0.0486;0.0408;0.0479;0.0039;0.004;0.0483;0.0812;-0.0154;-0.0086;0.0462;0.042;-0.0526;0.0385;0.0385;0.0029;0.0249;-0.0115;0.0208;0.0123;0.0498;0.0339;0.0475;-0.0115;0.0202;-0.011;0.0484;0.0464;0.0318;0.0644;0.0461;0.0435;0.0469;0.0386;0.0348;0.0422;-0.0108;0.039;0.0463;0.1115;0.0487;0.0327;0.0331;0.0438;0.0103;0.0486;0.0391;-0.0117;0.0329;0.0422;0.0405;;0.0346;-0.0115;0.0386;0.0385;0.0459;0.0006;0.0509;0.0408;0.0271;0.0604;0.0254;0.0186;0.0309;0.0489;0.0148;0.0236;0.0486;0.0286;0.0385;0.0386;-0.0281;0.008;;0.0096;0.0474;0.0472;0.0173;0.0282;0.0151;0.0356;0.0268;0.0498;0.0479;0.0104;0.0086;0.0669;0.0385;0.0378;0.0386;0.0139;0.0503;0.0225;0.0413;0.051;0.0478;0.0503;-0.0059;0.0385;0.0207;0.0647;0.0437;0.0364;0.0414;0.037;0.0385;0.0398;0.0458;0.0115;0.0395;0.023;0.0256;0.0265;0.0274;0.0085;0.0492;0.0384;0.0128;0.0446;-0.0116;0.0453;0.0485;0.0515;0.0505;0.043;0.0445;0.0475;0.0182;0.0139;0.0441;0.0082;0.0111;0.052;0.0395;0.0509;-0.0113;0.0266;0.0478;-0.0076;0.0379;0.0398;0.0381;0.0513;0.0415;0.0149;0.0494;0.0424;0.0438;0.0495;0.0612;0.0267;0.0487;0.0329;0.0386;0.0488;0.0488;0.0474;0.0489;0.0184;0.0271;-0.0049;0.0293;0.0404;0.0366;0.0235;0.0036;0.0446;0.042;0.0356;0.0487;0.0151;0.0482;0.0355;0.0452;0.0458;0.03;0.0449;0.015;0.0223;0.0384;0.0475;0.023;0.0368;0.0119;0.0505;0.0465;0.0409;0.05;0.0164;0.0126;0.0479;0.0081;-0.0117;0.044;0.0469;0.0476;0.0429;0.0049;0.0105;0.0457;0.0045;0.0235;0.0128;0.0484;0.0466;0.0491;-0.0115;0.0134;-0.004;0.0359;0.051;0.0134;0.0365;0.0516;0.05;-0.0042;-0.0115;0.0463;0.0132;0.0417;0.0385;0.0494;0.0385;0.0503;0.0508;0.0062;0.077;0.0445;0.0039;0.0483;0.0404;0.0313;0.0441;0.0343;0.0417;-0.0074;0.0118;-0.0154;0.0486;0.035;0.0225;0.0446
p0p50;2017;0.0373;0.0254;0.0481;0.0408;0.0477;0.0041;0.004;0.0482;0.0747;-0.0124;-0.0086;0.0461;0.0419;-0.0482;0.0407;0.0409;0.0027;0.0246;-0.0126;0.0209;0.0125;0.0495;0.0339;0.0474;-0.0098;0.0206;-0.011;0.0483;0.0471;0.0321;0.0644;0.0461;0.0434;0.0468;0.041;0.033;0.0421;-0.0108;0.0391;0.0462;0.1037;0.0486;0.0319;0.0336;0.0444;0.0105;0.0475;0.0393;-0.0116;0.0328;0.0391;0.0405;;0.0382;-0.0114;0.041;0.041;0.0456;0.0007;0.0508;0.0405;0.0271;0.0605;0.0253;0.0179;0.0308;0.0484;0.0145;0.0241;0.0487;0.0315;0.041;0.041;-0.0241;0.008;;0.0098;0.0477;0.0473;0.0369;0.028;0.015;0.0356;0.0267;0.0497;0.0478;0.0098;0.0093;0.0667;0.041;0.037;0.041;0.0138;0.0502;0.023;0.0413;0.0808;0.0475;0.0502;-0.0059;0.041;0.0211;0.0689;0.0435;0.0364;0.0413;0.0369;0.041;0.0398;0.0457;0.0143;0.0394;0.0246;0.0219;0.0264;0.0278;0.0093;0.049;0.0407;0.0131;0.0445;-0.0112;0.0451;0.0484;0.0519;0.0502;0.0428;0.0451;0.0474;0.0106;0.0135;0.0442;0.0083;0.0111;0.0517;0.0313;0.0507;-0.0114;0.027;0.0477;-0.0061;0.0382;0.0404;0.0411;0.0512;0.0412;0.0148;0.0495;0.0423;0.0428;0.0492;0.058;0.0284;0.0479;0.0329;0.041;0.0499;0.0487;0.0473;0.0489;0.0181;0.027;-0.0049;0.0292;0.0403;0.0381;0.0252;0.0046;0.045;0.0418;0.035;0.0486;0.0172;0.0481;0.0348;0.0451;0.0453;0.0305;0.0449;0.0173;0.0228;0.041;0.0474;0.0235;0.037;0.012;0.0503;0.0462;0.0409;0.0499;0.0163;0.0118;0.0478;0.0083;-0.0115;0.0443;0.047;0.0409;0.0478;0.0056;0.0042;0.0456;0.0013;0.0205;0.0131;0.0483;0.0465;0.0588;-0.0109;0.0163;-0.0027;0.0358;0.051;0.0163;0.0373;0.0524;0.0495;-0.0042;-0.0114;0.0463;0.0128;0.0414;0.0383;0.049;0.0409;0.0502;0.0505;0.0062;0.0747;0.0439;0.0043;0.0482;0.0402;0.0302;0.0439;0.0341;0.0415;-0.0074;0.0132;-0.0124;0.0485;0.0344;0.0221;0.0447
p0p50;2018;0.0372;0.0258;0.0481;0.0408;0.0477;0.0041;0.0039;0.0482;0.0744;-0.0125;-0.0086;0.046;0.0419;-0.0335;0.0424;0.0424;0.0027;0.0239;-0.0126;0.0209;0.0129;0.1018;0.0335;0.0474;-0.0185;0.0213;-0.0111;0.0483;0.0475;0.0347;0.0642;0.046;0.0434;0.0466;0.0425;0.0476;0.0421;-0.0108;0.039;0.0462;0.1038;0.0486;0.0312;0.0348;0.0444;0.0113;0.0473;0.0407;-0.0116;0.0328;0.039;0.0418;;0.0382;-0.0105;0.0425;0.0423;0.0456;0.0006;0.0508;0.0406;0.0271;0.0601;0.0253;0.0179;0.0308;0.0484;0.0148;0.025;0.0485;0.0314;0.0424;0.0425;-0.0244;0.0081;;0.0104;0.0477;0.0473;0.027;0.0276;0.015;0.0355;0.0268;0.0497;0.0477;0.0093;0.0101;0.0667;0.0426;0.037;0.0425;0.0138;0.05;0.023;0.041;0.0511;0.0475;0.05;-0.006;0.0426;0.0213;0.0811;0.0435;0.0359;0.0413;0.0368;0.0424;0.0397;0.0457;0.0148;0.0394;0.0254;0.0203;0.0265;0.0286;0.0092;0.0489;0.0425;0.013;0.0445;-0.0109;0.0451;0.0484;0.0524;0.0501;0.0428;0.0408;0.0474;0.003;0.013;0.0445;0.0092;0.011;0.0518;0.0313;0.0505;-0.0114;0.0274;0.0477;-0.0061;0.0381;0.0435;0.039;0.0512;0.0412;0.0148;0.0493;0.0424;0.0464;0.0492;0.0579;0.029;0.0472;0.0322;0.0424;0.0499;0.0486;0.0467;0.0488;0.0183;0.0275;-0.0049;0.0292;0.0403;0.0381;0.0259;0.0054;0.0456;0.0418;0.0355;0.0486;0.0178;0.048;0.0348;0.0451;0.0447;0.0317;0.0449;0.0179;0.0226;0.0426;0.0473;0.0252;0.0366;0.0119;0.0503;0.0454;0.0409;0.0496;0.0163;0.0118;0.0478;0.0084;-0.0115;0.0449;0.047;0.041;0.0476;0.0061;-0.0042;0.0456;-0.0012;0.0204;0.0137;0.0483;0.0464;0.0595;-0.0107;0.0169;-0.0026;0.0359;0.0511;0.0169;0.0395;0.0521;0.049;-0.0043;-0.0105;0.0462;0.0131;0.0416;0.0385;0.049;0.0423;0.05;0.0503;0.0063;0.0747;0.0438;0.0041;0.048;0.0402;0.0291;0.0439;0.0341;0.0415;-0.0074;0.0127;-0.0125;0.0485;0.0338;0.0213;0.0447
p0p50;2019;0.0375;0.0259;0.0481;0.0408;0.0478;0.0043;0.0039;0.0482;0.074;-0.0125;-0.0087;0.0461;0.0419;-0.0336;0.0426;0.0425;0.0028;0.0238;-0.0127;0.0206;0.0134;0.0493;0.0338;0.0475;-0.0185;0.0211;-0.011;0.0483;0.0476;0.036;0.0644;0.046;0.0434;0.0468;0.0425;0.0476;0.0421;-0.0108;0.039;0.0462;0.1037;0.0486;0.0313;0.0352;0.0444;0.0119;0.0474;0.0407;-0.0117;0.0328;0.039;0.0418;;0.0383;-0.0106;0.0427;0.0426;0.0457;0.0006;0.0508;0.041;0.027;0.0605;0.0253;0.0179;0.0308;0.0485;0.0148;0.0256;0.0487;0.0314;0.0427;0.0424;-0.0245;0.0081;;0.0107;0.0477;0.0473;0.027;0.0276;0.0151;0.0349;0.0268;0.0497;0.0477;0.0098;0.0107;0.0669;0.0424;0.037;0.0425;0.0138;0.0501;0.0221;0.0408;0.0511;0.0475;0.05;-0.0059;0.0426;0.0215;0.0898;0.0435;0.0359;0.0413;0.0369;0.0424;0.0397;0.0457;0.0151;0.0395;0.0261;0.0203;0.0263;0.0293;0.01;0.049;0.0425;0.0135;0.0445;-0.0104;0.0451;0.0484;0.0535;0.0501;0.0428;0.0361;0.0474;0.003;0.0135;0.0442;0.0093;0.011;0.0525;0.0312;0.0505;-0.0113;0.0271;0.0477;-0.0062;0.0377;0.0434;0.0394;0.0512;0.0412;0.0148;0.0493;0.0423;0.0465;0.0492;0.0579;0.0294;0.0474;0.0332;0.0427;0.0499;0.0487;0.0465;0.0488;0.0183;0.0276;-0.0049;0.0292;0.0403;0.0381;0.027;0.0062;0.0474;0.0418;0.0353;0.0486;0.0182;0.0485;0.0349;0.0451;0.0448;0.032;0.045;0.0183;0.0223;0.0424;0.0474;0.0255;0.0363;0.0115;0.0503;0.0453;0.041;0.0496;0.0163;0.0118;0.0478;0.0091;-0.0116;0.0455;0.047;0.041;0.048;0.0071;-0.0042;0.0456;-0.0012;0.0205;0.0148;0.0483;0.0465;0.0594;-0.0101;0.0172;-0.0026;0.0359;0.0511;0.0172;0.0415;0.0523;0.0489;-0.0043;-0.0106;0.0463;0.0132;0.0421;0.0385;0.049;0.0423;0.0501;0.0503;0.0062;0.0746;0.0438;0.0041;0.0479;0.0404;0.0293;0.044;0.0341;0.0415;-0.0074;0.0128;-0.0126;0.0485;0.0337;0.0214;0.0448
p0p50;2020;0.0377;0.0251;0.0483;0.0409;0.0479;0.0038;0.0039;0.0483;0.074;-0.0125;-0.0087;0.0462;0.0421;-0.0338;0.0428;0.0426;0.0028;0.0235;-0.0128;0.0195;0.0139;0.0493;0.034;0.0476;-0.0187;0.0223;-0.0111;0.0484;0.0477;0.0352;0.0644;0.0462;0.0436;0.047;0.0427;0.0478;0.0423;-0.0109;0.0392;0.0464;0.1037;0.0488;0.0313;0.0359;0.0446;0.0124;0.0476;0.0404;-0.0117;0.0329;0.039;0.0418;;0.0385;-0.0108;0.0429;0.0428;0.0458;0.0006;0.0509;0.0411;0.0272;0.0605;0.0253;0.0178;0.0309;0.0486;0.0149;0.0259;0.0485;0.0314;0.0428;0.0425;-0.0246;0.0078;;0.0121;0.0479;0.0475;0.0271;0.0275;0.0152;0.0339;0.0269;0.0499;0.0479;0.0091;0.0115;0.067;0.0426;0.0371;0.0427;0.0138;0.0502;0.0219;0.0414;0.0511;0.0477;0.0502;-0.006;0.0428;0.0221;0.0898;0.0437;0.0362;0.0415;0.037;0.0426;0.0399;0.0458;0.0151;0.0396;0.0272;0.0206;0.0265;0.0299;0.0108;0.0492;0.0427;0.0139;0.0447;-0.0102;0.0453;0.0486;0.054;0.0503;0.043;0.0362;0.0476;0.003;0.0133;0.045;0.0098;0.0111;0.0523;0.0313;0.0507;-0.0113;0.028;0.0478;-0.0064;0.0364;0.0434;0.0399;0.0513;0.0414;0.0149;0.0495;0.0427;0.0466;0.0494;0.0579;0.0285;0.0487;0.0334;0.0428;0.05;0.0488;0.0469;0.049;0.0184;0.0283;-0.005;0.0293;0.0405;0.0383;0.028;0.007;0.0474;0.042;0.0353;0.0488;0.0182;0.0491;0.0373;0.0453;0.0449;0.0326;0.0452;0.0183;0.021;0.0426;0.0475;0.0246;0.0365;0.0119;0.0505;0.0463;0.0419;0.0496;0.0164;0.0124;0.048;0.0093;-0.0117;0.0465;0.0472;0.0411;0.0481;0.0077;-0.0043;0.0458;-0.0012;0.0205;0.0153;0.0485;0.0467;0.0594;-0.0096;0.0171;-0.0027;0.036;0.051;0.0171;0.0409;0.0533;0.0489;-0.0043;-0.0108;0.0465;0.0134;0.0423;0.0388;0.0492;0.0425;0.0502;0.0504;0.0062;0.0747;0.0428;0.0043;0.0452;0.0403;0.0294;0.0442;0.0343;0.0417;-0.0074;0.0128;-0.0126;0.0487;0.035;0.021;0.0453
p0p50;2021;0.0371;0.0254;0.0481;0.0408;0.0478;0.0039;0.0039;0.0482;0.074;-0.0125;-0.0087;0.0461;0.0419;-0.0335;0.0426;0.0425;0.0028;0.0228;-0.0127;0.0199;0.0139;0.0493;0.0335;0.0475;-0.0184;0.0216;-0.011;0.0483;0.0474;0.0359;0.0632;0.046;0.0434;0.0468;0.0425;0.0476;0.0421;-0.0108;0.039;0.0462;0.1037;0.0486;0.0313;0.0353;0.0444;0.0127;0.0474;0.0405;-0.0117;0.0328;0.039;0.0416;;0.0383;-0.0107;0.0427;0.0426;0.0457;0.0006;0.0508;0.0408;0.027;0.0593;0.0253;0.0178;0.0308;0.048;0.0148;0.0261;0.0484;0.0311;0.0427;0.0424;-0.0244;0.0078;;0.011;0.0477;0.0473;0.027;0.0271;0.0151;0.034;0.0268;0.0497;0.0479;0.009;0.0111;0.0668;0.0424;0.037;0.0425;0.0138;0.0501;0.0221;0.0406;0.0511;0.0475;0.05;-0.0059;0.0426;0.0218;0.0895;0.0435;0.0354;0.0413;0.0369;0.0424;0.0397;0.0457;0.0151;0.0395;0.0269;0.0203;0.0263;0.0298;0.0098;0.049;0.0425;0.0133;0.0445;-0.0102;0.0451;0.0484;0.0535;0.0501;0.0428;0.0361;0.0474;0.003;0.0134;0.0437;0.0101;0.011;0.052;0.0312;0.0505;-0.0113;0.0278;0.0477;-0.0062;0.0365;0.0434;0.0391;0.0512;0.0412;0.0148;0.0493;0.042;0.0464;0.0489;0.0579;0.0297;0.0463;0.032;0.0427;0.0499;0.0487;0.0463;0.0488;0.0183;0.0277;-0.0049;0.0292;0.0403;0.0381;0.0281;0.0067;0.0471;0.0418;0.0352;0.0486;0.0182;0.0475;0.0342;0.0451;0.0448;0.0324;0.045;0.0183;0.0214;0.0424;0.0474;0.0258;0.0358;0.0112;0.0503;0.0453;0.0411;0.0489;0.0163;0.0124;0.0478;0.0089;-0.0117;0.0451;0.047;0.041;0.0473;0.0077;-0.0042;0.0456;-0.0012;0.0204;0.0152;0.0483;0.0465;0.0594;-0.0096;0.0172;-0.0026;0.0359;0.0507;0.0172;0.0412;0.0519;0.0482;-0.0043;-0.0107;0.0463;0.0133;0.0423;0.0386;0.049;0.0423;0.0501;0.0498;0.0062;0.0746;0.0422;0.0038;0.0468;0.0397;0.0293;0.044;0.0341;0.0415;-0.0073;0.0128;-0.0126;0.0485;0.0328;0.0209;0.0448
